index,spkid,IPA,AgeMonth,Register,time_start,duration(ms),F1,F2
0,AF,i,20,ADS,1.999973207740104,62.07578095420008,314.8413310077864,1777.7240405442462
1,AF,i,20,ADS,3.0242290987596654,34.972270960112795,479.3475109755607,2237.8556806585525
2,AF,u,20,ADS,12.45924581470233,89.17929094828558,370.0039780922062,724.7139126770778
3,AF,i,20,ADS,19.53247030960732,77.81330288625199,404.4453912095379,1801.7692867646392
4,AF,i,20,ADS,25.383912437254683,44.340436931641136,423.19702167897617,2285.387981767535
6,AF,a,20,ADS,28.37301182021075,124.43929074362714,888.6098916731903,1727.967391987186
7,AF,a,20,ADS,28.936487113486155,97.97806225216732,612.1520601855718,1299.186181588791
8,AF,i,20,ADS,31.37321694757716,63.64998204702843,431.5390217792972,2780.1111379918257
9,AF,i,20,ADS,35.7106401922936,73.4800758915597,384.5356660990548,2727.998844041041
10,AF,a,20,ADS,36.92791390234623,48.524578418955855,1178.577969707551,2368.269605808863
11,AF,i,20,ADS,38.020255129542704,103.98123946918503,553.8568811234975,2304.1843867631283
12,AF,i,20,ADS,40.43487461733713,42.97891231392725,343.50786589777624,2235.795138230857
13,AF,a,20,ADS,40.5707434369102,45.751745366438,610.316624524657,1631.1029381540532
14,AF,a,20,ADS,47.687673036630734,44.36532884018618,615.9802879039963,1788.4953526463503
16,AF,a,20,ADS,54.39515479231862,97.0491568379046,455.2802786823889,1869.0661886168884
17,AF,a,20,ADS,54.543501360628,127.55032041553704,582.4975626320005,1756.5620190299437
18,AF,i,20,ADS,75.48356927273241,149.73298483562303,452.0222991609361,2611.7059523321363
19,AF,a,20,ADS,76.48701335428291,38.819662735164684,535.5578017741009,2100.584769495523
20,AF,a,20,ADS,77.27245993839821,112.29973862673148,1020.5918463203793,1613.5195171200435
21,AF,u,20,ADS,78.96112675985026,187.166231044543,413.28761942295176,1158.5444405699309
22,AF,a,20,ADS,80.55543401353415,70.70724283904894,947.0545398228553,1670.1562950587027
23,AF,i,20,ADS,81.99637575310112,44.36532884018618,380.2513803235265,1971.5452902526683
24,AF,a,20,ADS,82.53871434681552,58.229494102732815,476.3542914397618,1322.160013751185
25,AF,a,20,ADS,84.78048386449703,63.77516020776852,818.8403416128037,1868.1220847701968
26,AF,a,20,ADS,85.47576887929624,88.73065768037236,453.92108529441,1754.9056357324025
27,AF,i,20,ADS,86.58878723464855,80.41215852284722,518.6235448058626,2207.428118989012
28,AF,i,20,ADS,108.57861931595878,109.52690557422784,424.71295309526425,2423.8324815763835
29,AF,i,20,ADS,117.31003957985854,63.77516020778273,489.64427184672917,2457.979522554499
30,AF,a,20,ADS,120.60128765904253,54.07024452399867,866.6064539857812,1524.0085351135854
31,AF,a,20,ADS,123.016927584795,183.00698146578043,804.093865714769,1585.7297705784301
32,AF,i,20,ADS,137.90272403503494,69.32082631277581,496.9367987938923,2354.8582516594165
33,AF,a,20,ADS,141.90724466810428,48.52457841894875,819.702462286227,2059.018708362786
34,AF,a,20,ADS,142.17776237868978,76.25290894407044,609.510891215682,1478.7567106508284
35,AF,a,20,ADS,144.2385571714673,49.910994945207676,758.5200876117684,1373.7403626168275
36,AF,a,20,ADS,166.78243488921885,83.18499157536507,807.4735005368871,1729.9169072556049
37,AF,a,20,ADS,179.33797227669106,92.88990725914914,776.2454966304235,1537.6986516893912
38,AF,a,20,ADS,179.58500415031295,67.9344097865453,1089.2541952888407,1524.9095347492066
39,AF,i,20,ADS,180.75784078001496,54.07024452392761,369.55140199436863,2275.173102154594
40,AF,a,20,ADS,181.15366269826097,38.81966273513626,735.9686679828458,1564.5090965157424
41,AF,a,20,ADS,181.24100693941512,52.68382799772553,760.4363191091894,1380.6002370304175
42,AF,a,20,ADS,181.71862743271024,76.25290894407044,592.5812045535286,2069.864242581115
43,AF,a,20,ADS,187.6181110881764,149.7329848355946,734.0784958960671,1652.4896556694189
44,AF,a,20,ADS,188.2943192475392,41.592495787654116,751.1945788816416,1651.1499986151614
45,AF,a,20,ADS,190.23278502942927,135.86881957317587,846.5162828946733,1713.8968637028106
46,AF,a,20,ADS,194.5516619816269,58.22949410276124,687.1063925876766,1823.136833087185
47,AF,i,20,ADS,202.3903017541283,92.88990725914914,366.8078708189899,2482.4461061300117
48,AF,a,20,ADS,207.10349221518936,90.11707420663129,868.6226723047503,1879.154637040252
49,AF,i,20,ADS,207.72183398589948,112.29973862671727,333.50792226888115,2335.36736564532
50,AF,i,20,ADS,209.8628859417068,113.6861551529762,444.414767485966,2013.470659706937
52,AF,u,20,ADS,216.7206274025278,45.751745366430896,425.0710092150473,1881.5829923841773
53,AF,a,20,ADS,224.60531027433544,97.04915683786908,601.8042255298263,1914.1770808754675
54,AF,a,20,ADS,225.01014390000216,72.09365936532208,657.1809997587608,1778.3169770053269
55,AF,a,20,ADS,231.8280452601299,63.77516020776852,411.18638904344357,1815.6567428547282
56,AF,a,20,ADS,232.0131318663851,87.34424115411343,627.1396713344319,1950.0719341359754
57,AF,a,20,ADS,237.48596233721457,66.5479932603148,509.5828176034772,1851.5297292493963
58,AF,a,20,ADS,237.90258050335447,256.487057357333,749.2009242118797,1484.6090647722617
59,AF,a,20,ADS,238.78080362122725,58.22949410276124,804.0318281069198,2145.8811175276305
60,AF,a,20,ADS,239.6490720914678,242.62289209477217,467.47145588984966,1601.9692560914168
61,AF,a,20,ADS,246.2902053444982,83.18499157542192,851.9186702877171,2120.528323473455
62,AF,i,20,ADS,259.327364606233,65.16157673405587,437.68483912920095,2240.7418907004794
63,AF,u,20,ADS,260.0622543553676,278.669721777419,428.85905387759664,1032.9846704457195
64,AF,i,20,ADS,264.2607570554929,131.70956999431382,315.1275260959964,2109.5362542120174
65,AF,i,20,ADS,266.04345621501807,137.2552360992927,496.0074296995313,2505.8012959785797
66,AF,i,20,ADS,273.3086046439554,90.11707420660287,489.87041646366487,2405.3155019363894
67,AF,a,20,ADS,289.9637599356373,92.88990725912072,753.8893530604558,1668.4307395412434
68,AF,a,20,ADS,290.26322590530856,59.61591062902016,458.04665388388486,1687.0334533635614
69,AF,a,20,ADS,290.86102403319137,105.36765599545106,519.5395008476175,1864.5483329675496
70,AF,a,20,ADS,292.8680341891485,90.11707420660287,875.2180718144883,1689.08119302326
71,AF,i,20,ADS,294.0473565520489,101.20840641673112,530.6776634189164,2279.9115780536763
72,AF,u,20,ADS,294.3447428969308,221.82664420097353,572.2826489344628,1197.5175015452323
73,AF,a,20,ADS,295.6747325655241,80.41215852284722,402.15781250815763,1063.3985781161532
74,AF,u,20,ADS,295.8376365073591,92.88990725912072,403.7317984114174,744.9214689179262
75,AF,a,20,ADS,296.9000420401487,98.43557336415643,603.2932602422653,1710.2078504203625
76,AF,a,20,ADS,297.6165811447472,123.39107083676026,791.0296588920058,1724.3835989757283
77,AF,a,20,ADS,301.4425009047594,159.43790051943552,433.0267773533866,1594.849577650825
78,AF,a,20,ADS,301.7142385439056,109.526905574171,815.3796737078793,1983.4255228967847
79,AF,u,20,ADS,302.7994037027585,212.1217285171042,303.95491467067285,819.2233012127571
80,AF,a,20,ADS,306.7999315742144,74.86649241781151,594.1807309275728,1576.494122509319
81,AN,i,22,ADS,0.8079800316819995,42.89624098810552,352.8729790747911,1910.889659939595
82,AN,u,22,ADS,5.258795717837133,107.2406024702639,395.3385960806075,1240.3659306548939
83,AN,a,22,ADS,12.573332931833075,67.0253765439135,457.30172484701507,1386.4013073152778
84,AN,a,22,ADS,17.071337891090423,67.0253765439135,501.2894972629325,1946.0889601825186
85,AN,a,22,ADS,19.534326486111222,72.38740666742771,701.2672903933728,1446.4960154948267
86,AN,u,22,ADS,21.09915404671635,45.57725604986018,415.88321301274544,1943.6638082378145
87,AN,a,22,ADS,24.305773992940523,61.663346420395726,496.96903073318936,1865.5831629753438
88,AN,a,22,ADS,29.116385740393937,58.98233135864217,434.85113818718276,1797.7401170873115
89,AN,i,22,ADS,34.910208369916624,109.92161753202367,501.7109487572683,2018.3611059671364
90,AN,a,22,ADS,37.28849744571788,53.62030123513506,679.1432943832463,1696.36150276226
91,AN,i,22,ADS,39.37251471538865,80.43045185270614,497.81114296644165,2327.4874845177856
92,AN,a,22,ADS,40.87138887347932,83.1114669144597,916.0565769521526,1187.4675402144426
95,AN,u,22,ADS,48.72264517810221,53.62030123513506,458.21535442294197,814.5170603604797
96,AN,a,22,ADS,49.05911256835266,88.47349703796681,816.8960188447122,1659.3860719489521
97,AN,i,22,ADS,49.38753691341784,75.06842172919193,438.96721742010544,1564.7761967786894
98,AN,a,22,ADS,50.33500936422358,58.98233135864217,552.6597778726909,1300.2238576653199
99,AN,i,22,ADS,54.17337967465273,58.982331358649276,497.57521712812166,2381.2157304919165
100,AN,a,22,ADS,55.01064098569781,80.43045185268483,514.3792864369141,1149.8968857377386
101,AN,i,22,ADS,55.30363525047908,58.982331358649276,538.0175660990919,2179.626477974262
102,AN,a,22,ADS,62.087887378001085,117.96466271729145,654.7156016825079,1199.6390289029391
103,AN,a,22,ADS,67.22106635084775,64.3443614821706,648.2520014082012,1805.6666107426292
104,AN,i,22,ADS,71.15273728141173,56.30131629688151,519.5091937867846,2020.3656138032302
105,AN,a,22,ADS,72.44453342908443,72.38740666743126,508.8169823999083,1368.3185883440538
106,AN,u,22,ADS,72.7208437302869,75.06842172918482,398.2695017838041,1092.6554572933992
107,AN,a,22,ADS,73.79345748228549,88.47349703796681,578.674640627213,1125.2502791756147
108,AN,i,22,ADS,75.95116068870016,85.79248197621325,557.0673706385248,1571.569046421831
109,AN,a,22,ADS,76.4860231935206,45.57725604986729,440.3609941763732,1517.6999968958123
110,AN,a,22,ADS,76.64688409722598,61.66334642040283,572.5543481514765,1884.116492978214
111,AN,i,22,ADS,78.03608418255885,64.34436148215639,414.7759939995281,1975.7499999847676
112,AN,a,22,ADS,78.33650263058989,77.74943679095259,491.3419783792949,1869.9804902812275
113,AN,u,22,ADS,78.44508374059103,37.53421086459241,459.66592126303345,1512.162013220911
114,AN,i,22,ADS,78.54964332799955,80.43045185270614,487.5935927304648,2016.9194352183054
115,AN,a,22,ADS,78.88074868812649,56.30131629688151,538.3531717536382,1781.1549363980598
116,AN,i,22,ADS,79.07780329516558,85.79248197621325,487.13510396126,1741.759439499745
117,AN,a,22,ADS,80.75793549215348,75.06842172918482,652.6833725429171,1813.977941530884
118,AN,a,22,ADS,84.03015851245804,75.06842172918482,526.5793837145009,1883.5672102553776
119,AN,a,22,ADS,85.18169645893694,88.47349703796681,610.908215931589,1640.7351815768989
120,AN,a,22,ADS,86.24379171800831,85.79248197621325,535.7428742543952,1591.1293738080603
121,AN,a,22,ADS,87.84772055305586,99.19755728498103,498.00063723662305,1090.701486346646
122,AN,a,22,ADS,88.24430521487608,56.30131629688151,525.5045594627467,1267.8536908307387
123,AN,a,22,ADS,92.3597704382847,128.68872296429856,501.67635478071907,1433.7078883338884
124,AN,i,22,ADS,92.67210869297934,61.66334642040283,854.9009585046881,1884.775037827442
126,AN,a,22,ADS,97.25858714927467,67.02537654390994,459.2646109607889,1748.5936469099875
127,AN,a,22,ADS,100.80221155275215,58.982331358649276,569.8622797453345,1970.3213745746634
128,AN,u,22,ADS,101.53010714201908,61.66334642040283,447.2754740541517,1481.3170185372585
129,AN,a,22,ADS,106.96397309639828,80.43045185267772,538.4769373583027,1886.616365458997
131,AN,a,22,ADS,109.62865668298632,61.66334642040283,660.8013471783529,1170.6510712739434
132,AN,a,22,ADS,110.18362680076996,126.00770790255922,628.90728651222,1149.060880288876
133,AN,a,22,ADS,116.5211605808027,50.9392861733744,674.2766022977504,1214.959705592844
134,AN,a,22,ADS,116.65521133389052,88.47349703796681,452.72223980182196,1700.0626932119624
135,AN,a,22,ADS,117.83442583769671,88.47349703796681,526.0488893906385,1156.8269759250409
136,AN,a,22,ADS,120.20995210350355,67.02537654390994,669.065422435311,1169.9405228529938
137,AN,i,22,ADS,121.82386236447562,112.60263259377723,563.5407374815205,1818.8418713934448
138,AN,a,22,ADS,126.57365618349117,48.258271111635054,584.3073826509589,1152.0832271311767
139,AN,i,22,ADS,127.14873391423797,67.02537654390994,466.2004327172183,2205.528446399696
140,AN,i,22,ADS,127.34176699868442,72.38740666741705,539.9309107217367,2050.8476180342795
141,AN,a,22,ADS,134.50356814909298,56.30131629689572,729.9591708641507,1388.2325044154245
142,AN,a,22,ADS,136.89398475885383,50.93928617338861,508.08192860318513,1531.370674731542
143,AN,a,22,ADS,138.14735930022505,64.3443614821706,459.9342724254035,2069.7422162954817
144,AN,i,22,ADS,145.4429504097239,117.27724774834769,364.18946516390383,1789.51068921813
145,AN,a,22,ADS,153.0230767162003,82.09407342383201,782.3661457807884,2080.434067415273
146,AN,u,22,ADS,153.92276074535542,38.53395283158534,320.0340510462633,906.0229662079942
147,AN,a,22,ADS,156.61853357166706,43.560120592246676,483.8171412701165,1720.1180602039199
148,AN,a,22,ADS,157.5040309383508,65.34018088837001,529.971836764634,1623.0044029643784
149,AN,a,22,ADS,167.1346150737593,45.23550984578151,615.6837146516209,1859.1155441256415
150,AN,i,22,ADS,169.8613322897014,77.0679056631991,543.4678738706986,2211.0934326095626
151,AN,i,22,ADS,170.0213319634152,58.638623874173845,315.73644513004314,1848.0673618194387
152,AN,i,22,ADS,171.6574037156883,140.73269729800586,466.49277629275605,2062.873517721958
154,AN,i,22,ADS,172.51011683226164,63.66479163480676,427.5512424105734,1939.0377140249425
155,AN,a,22,ADS,174.0672131356618,73.71712715610101,459.22937397389256,1730.38693996879
156,AN,a,22,ADS,176.67220540367364,68.69095939543968,427.32430177851666,1590.3849354227295
157,AN,a,22,ADS,176.99806861348867,73.71712715610101,428.9776788029557,1088.3467305769939
158,AN,a,22,ADS,180.9674235726365,50.261677606386,619.5482889818505,2073.2345499277894
159,AN,a,22,ADS,184.5328414158292,46.91089909934476,598.035950081453,1817.9784018054036
160,AN,a,22,ADS,184.94750025608224,88.79563043799976,524.4572291509329,1770.2686828794435
161,AN,a,22,ADS,185.12425382233155,53.61245611351251,768.8539067636364,1508.9516865381795
162,AN,a,22,ADS,186.6244545738409,63.66479163480676,587.3636877494984,1704.478092878509
163,AN,u,22,ADS,188.0567208413057,68.69095939549652,587.7990804567698,1535.7259741480157
164,AN,a,22,ADS,190.39706545536308,55.287845366990496,926.7830907224102,1613.9581543145866
165,AN,a,22,ADS,191.5848564226459,155.81120057993303,796.3858474057388,1468.7794213299933
166,AN,i,22,ADS,200.61330642725449,36.858563578022085,348.74255625687954,1841.421303808704
167,AN,i,22,ADS,209.24511287704644,48.58628835285117,364.7856667981861,1883.145614667813
168,AN,u,22,ADS,210.39898206290604,60.31401312762341,370.3855016953744,1642.0519456091838
169,AN,a,22,ADS,210.7901854536094,61.98940238127193,419.3180884570637,1678.2212440730284
170,AN,a,22,ADS,213.16911433205863,46.91089909937318,496.77959777468084,1538.9608577239246
171,AN,i,22,ADS,219.4064490922073,164.1881468476072,397.5554732667796,1687.0140947863906
172,AN,a,22,ADS,223.04704083439964,105.54952297357545,615.1171460275318,1688.5816608883397
173,AN,i,22,ADS,223.6007569826972,53.61245611351251,355.08536929739574,1749.865740098025
174,AN,u,22,ADS,224.6652520705402,38.53395283161376,408.57155107434846,1373.5139649550088
175,AN,i,22,ADS,224.78420470754207,58.638623874173845,416.450046266499,1770.8819527335957
176,AN,u,22,ADS,229.30167117964828,56.96323462061059,561.2720279722904,1762.5015824737611
177,AN,u,22,ADS,234.13233098442385,60.31401312770868,419.0299679995541,1713.6064863658296
178,AN,u,22,ADS,236.9764163693124,63.66479163480676,764.667222018503,1718.3491050478601
179,AN,a,22,ADS,237.4086667967277,53.61245611351251,419.5416361141698,1615.5677462223034
180,AN,a,22,ADS,245.10845190399704,61.98940238127193,484.26212419230575,1677.0454933758951
181,AN,a,22,ADS,251.12476297888952,51.937066859977676,502.76220636018286,1989.867414116464
182,AN,a,22,ADS,253.5033320071704,75.39251640969269,479.6163762548265,1692.4532533253991
183,AN,a,22,ADS,257.50267566703224,85.44485193095852,557.8471498416264,1687.3810211686894
184,AN,u,22,ADS,261.5146388924794,130.68036177668318,373.73919674851976,1129.7906053973086
185,AN,a,22,ADS,263.5441078788058,50.261677606442845,744.309630732667,1541.3018110387757
186,AN,a,22,ADS,269.99350707574075,169.21431460832537,882.6161284177138,1591.324358899023
188,AN,a,22,ADS,274.21205779884707,68.69095939543968,500.40795488634086,1886.8854962068924
189,AN,a,22,ADS,289.47410486183713,68.69095939543968,624.9481737557857,1964.0313008328112
190,AN,a,22,ADS,298.6125114799636,60.31401312770868,603.8676471375754,1535.4112109252437
191,AN,i,22,ADS,298.7708357644238,65.34018088837001,415.1544078497228,2040.8176538211023
192,AN,a,22,ADS,300.86234446469155,211.0990459470372,939.2240399801136,1429.2616880254354
193,AN,i,22,ADS,307.1500318236448,68.69095939543968,388.2901071813876,1865.0547730123676
194,AN,a,22,ADS,313.0405339352173,61.98940238130035,573.2251092181891,1793.0073509417869
195,CL,a,16,ADS,2.281559336914884,76.12921073212009,744.6375306579106,1556.3218475483354
196,CL,a,16,ADS,7.375945585602217,89.97088541068709,727.105516131962,1741.6323338589466
197,CL,a,16,ADS,7.885780602929444,76.12921073212053,609.5004652878627,1746.4712892713007
198,CL,a,16,ADS,13.462518301700538,73.82226495235855,607.6983199730848,1904.5135902746633
199,CL,i,16,ADS,27.2345023606453,168.4070419225705,739.9153026996689,2169.4188802618414
200,CL,a,16,ADS,27.435206643484527,103.81256008925632,721.4108016998769,1435.8600222588718
201,CL,i,16,ADS,28.230751293487664,136.10980100591163,650.6626359512924,2217.6473289563564
203,CL,i,16,ADS,35.84097378611465,96.89172274997304,478.0983132780423,2203.401118122848
206,CL,i,16,ADS,58.50966488376075,57.673644494030896,517.2603481781701,2210.368308769385
208,CL,i,16,ADS,83.01255901324566,108.42645164876785,462.62416193109783,2148.6441170060953
210,CL,a,16,ADS,87.25653471871016,89.97088541069331,918.2280733249047,1519.4711125478186
214,CL,a,16,ADS,101.74653034128896,103.81256008923856,1069.283030653425,1754.05684431087
215,CL,a,16,ADS,114.33755262818823,212.23901173802062,971.0588836276404,1742.788653458927
216,CL,a,16,ADS,124.76140715245774,66.90142761306106,574.4564106886932,1690.0816304455216
218,CL,a,16,ADS,129.60218654219352,108.42645164879627,657.2257558351488,1843.9582822635934
219,CL,a,16,ADS,129.88894309157072,99.19866852970927,733.4386665156621,1887.3392840084575
220,CL,a,16,ADS,148.3838258628425,103.81256008923856,787.5220015191983,1585.6549624954368
221,CL,i,16,ADS,234.90798991648813,83.05004807141358,500.1355238946707,2401.6790649255045
222,CL,a,16,ADS,237.0447784495966,87.66393963094288,672.4517967731052,1861.044771554327
223,CL,a,16,ADS,251.83645118838103,94.5847769702084,834.9087208303176,1599.0565985528672
224,CL,a,16,ADS,257.19647451549184,170.71398770235646,964.7282751248381,1583.861092578631
225,CL,i,16,ADS,257.71882191260056,126.88201788688502,489.5997413337264,2179.996706035658
226,CL,i,16,ADS,266.1756109103177,78.43615651194114,364.2041806071691,2055.8234310405105
228,CL,i,16,ADS,270.0466206230448,78.43615651182745,687.5115055313421,2353.912457898486
229,CL,a,16,ADS,271.4989362173294,126.88201788688502,887.732183821478,1577.029658059561
230,CL,i,16,ADS,275.31860972132495,53.059752934530025,508.5235812222757,1867.7854904462338
231,CL,i,16,ADS,334.60946015365755,103.81256008923856,482.2027317927991,2132.2644780094483
232,CL,a,16,ADS,339.2808601655098,80.7431022915921,729.9951852913409,1929.4234399692593
233,CL,a,16,ADS,341.0391470989938,313.74462604753717,803.317522434419,1488.2349898601237
234,CL,a,16,ADS,341.98368421898374,89.97088541070752,879.047742013899,1539.6377155566604
235,CL,a,16,ADS,342.5004400736502,113.04034320829714,650.0984003159158,1812.769206103364
236,CL,a,16,ADS,342.783040931671,138.4167467856514,747.598540504136,1829.045140710815
237,CL,i,16,ADS,349.4369651327685,94.58477697017997,830.7574892527373,1945.460096753273
238,CL,a,16,ADS,349.70572431611066,78.43615651188429,954.8579293410315,1722.9679033713119
239,CL,a,16,ADS,350.4586597350068,124.57507210706353,642.4102404558131,1762.52091452352
240,CL,a,16,ADS,351.358957305612,71.51531917259035,665.735878457037,1294.5599966890113
241,CL,i,16,ADS,364.0330296405828,115.34728898806179,488.7612652821248,2091.8266248660566
242,CL,a,16,ADS,364.4886514320856,71.51531917259035,590.2854629856388,1628.5015789424297
243,CL,a,16,ADS,366.9226790118473,64.59448183335326,834.8624953870285,1481.58453931952
244,CL,a,16,ADS,381.8445657983708,112.92087677986729,804.5870071527281,1514.9778855308741
245,CL,a,16,ADS,382.59029193434185,118.42921223257008,804.4684520662105,1139.473961662243
246,CL,i,16,ADS,391.5060992366282,99.15003814813872,659.2230825899264,1872.6410133243628
247,CL,a,16,ADS,394.1926891974185,294.69594671815,928.8318416704257,1601.2011970739666
249,CL,a,16,ADS,412.2930236488389,165.25006358028804,910.1486839263513,1508.3339115906701
250,CL,a,16,ADS,426.7691057845671,112.92087677986729,773.2279335766646,1623.7500337751032
252,CL,a,16,ADS,472.1175945369173,93.64170269549277,800.8796491819315,1379.7114218370232
253,CL,a,16,ADS,473.04024072524055,104.65837360084151,892.3039388740406,1486.4930902700773
254,CL,a,16,ADS,475.9866127525135,71.60836088479527,813.0366210104692,1412.3377934288108
255,CL,a,16,ADS,509.8077685770757,418.63349440336606,684.0580484184243,1260.9674941869496
256,DM,a,12,ADS,0.2030966724426443,42.784872282937506,791.2128736631065,1584.8213849806143
257,DM,i,12,ADS,1.489652310919166,44.82224715355376,458.65004353114654,2289.5052973397947
258,DM,a,12,ADS,5.230462387848704,59.08387124786607,752.622449102372,1558.2865052556785
259,DM,a,12,ADS,5.367475847897635,51.95305920071025,717.9841136007783,1853.5970964504952
260,DM,a,12,ADS,7.950954612792473,75.38287021279456,622.5956936336,1889.5542211228421
261,DM,i,12,ADS,8.135337038583229,57.04649637725012,536.7832504464087,2217.5771805500467
262,DM,i,12,ADS,10.052061150259153,99.83136866018683,527.2118617326339,1892.8687692610965
263,DM,i,12,ADS,11.5221686189654,71.30812047156354,363.1232532389849,2217.6383916626196
264,DM,i,12,ADS,13.870643929210868,42.78487228293848,343.1336704959705,2226.3944402024244
265,DM,i,12,ADS,15.410139916265004,63.15862098909797,823.4737460146744,2257.349341815565
266,DM,a,12,ADS,16.614385782229057,79.45761995402734,743.209687509066,1628.5754877989993
267,DM,i,12,ADS,23.61004457582661,57.04649637725012,564.9491921341785,1468.5286849866284
268,DM,a,12,ADS,27.706024110739925,65.19599585971392,757.5879914164668,1530.855008275969
269,DM,a,12,ADS,32.8059675667689,82.51368225995037,565.3492307471148,2042.230523586357
270,DM,i,12,ADS,42.55493588020991,95.75661891896203,342.3998638646524,2236.7633755671504
271,DM,a,12,ADS,42.685484758708256,70.28943303625823,560.6000685757118,2054.024800613546
272,DM,a,12,ADS,44.59568892627743,159.93392734335998,679.4381311198975,2008.6560928561105
273,DM,a,12,ADS,59.29932039412017,51.953059200712914,550.402811918917,1681.527209306386
274,DM,i,12,ADS,61.588688106308,47.87830945948457,682.9102483420935,2495.49806877525
275,DM,i,12,ADS,69.30081375835817,47.878309459477464,335.3532964154227,2396.0115657735687
276,DM,i,12,ADS,70.58954784061103,69.27074560094582,474.4227844569887,2289.736182660408
277,DM,i,12,ADS,79.19315068023947,63.158620989099745,587.6933760215254,2313.9446800212104
278,DM,a,12,ADS,80.92178589119536,91.68186917771948,888.0628573478672,1639.351810276865
279,DM,a,12,ADS,86.07000713659127,73.34549534218127,533.1387890647935,1953.0446834970462
280,DM,a,12,ADS,86.7293646578248,45.84093458885263,564.3607337043491,1977.8402127267177
281,DM,a,12,ADS,92.83219050669254,46.859622024172154,602.392595649796,1758.2812616620474
282,DM,i,12,ADS,94.57272080609216,137.52280376660053,385.74997948689645,2448.6807083470962
283,DM,a,12,ADS,96.94387355985268,104.92480583671693,569.4443180093784,2007.8649422012334
284,DM,u,12,ADS,97.15372317152614,74.36418277750079,369.4569605391735,1859.3453672384483
285,DM,a,12,ADS,97.4767648612657,221.0551734618491,621.5563524439353,2084.6005893023566
286,DM,a,12,ADS,115.42730693432716,61.121246118474915,945.9565498368777,1796.729319966753
288,DM,i,12,ADS,117.85520865943133,60.102558683198026,393.4743236022336,2420.3567136933693
289,DM,a,12,ADS,123.9931480197218,81.49499482463796,642.0614417717597,1740.4000405723946
290,DM,i,12,ADS,127.9092584725248,65.19599585972458,472.8853894660361,2390.640306917473
291,DM,i,12,ADS,128.21955866038647,62.139933553794435,468.8234424517138,2469.4241619120335
292,DM,i,12,ADS,134.5996164695004,53.990434071323534,775.3633346160257,2517.3481704880446
293,DM,a,12,ADS,135.35802178680171,98.81268122489928,934.6430529723677,1432.9120275982054
294,DM,i,12,ADS,141.22187929508934,56.027808941962576,762.1186489727082,2182.047060683629
295,DM,a,12,ADS,145.44416816304448,239.39154729740153,850.782501828116,1585.4670301922602
296,DM,u,12,ADS,150.37866104783689,66.21468329501567,522.9869527025053,1490.1368793343188
297,DM,a,12,ADS,150.55642200529817,120.20511736636763,1048.7082003008866,1711.5228931645308
298,DM,a,12,ADS,151.4410896326725,43.80355971824201,668.1748951683314,2082.144299326418
299,DM,a,12,ADS,158.61204132385834,101.86874353081521,729.8548422828788,1748.1719348430854
300,DM,a,12,ADS,161.28334650515933,91.68186917773369,657.9004051807325,1830.1593919947677
301,DM,a,12,ADS,161.9633049810053,44.82224715354732,504.45593652131834,2040.850197243107
302,DM,a,12,ADS,164.6230521435794,50.934371765407604,640.562701717452,1669.5059578045723
303,DM,u,12,ADS,164.87143960379353,217.99911115593318,492.12153614090136,1441.2253870038346
304,DM,i,12,ADS,166.9215801337485,81.49499482465217,663.3451901223362,2393.093243940754
305,DM,a,12,ADS,167.47171089349789,65.19599585971037,874.8571691713139,1597.2755209761713
306,DM,i,12,ADS,167.89778108310932,58.065183812573196,473.6339695434391,1906.7287334152368
307,DM,i,12,ADS,172.4890857353622,52.971746636018224,461.9199677170222,2472.3420885317473
308,DM,i,12,ADS,177.66434922076246,52.971746636018224,609.6998236680869,2412.6094660455556
310,IA,i,23,ADS,3.4474254377391977,65.6527283140833,594.4549927874369,2262.4284343233503
311,IA,a,23,ADS,4.64516366133995,67.52852055162784,843.0413663962622,1600.2693477237674
313,IA,u,23,ADS,6.279833109654167,58.14955936390209,559.4412185188603,1324.6434202027206
314,IA,i,23,ADS,7.351388473627345,52.52218265126718,577.5627617949222,2298.247271727864
315,IA,a,23,ADS,7.523961359481508,97.5411963523527,1176.793848917624,1489.7353872167491
316,IA,i,23,ADS,7.927979596756583,116.29911872780329,461.6841200954686,2322.5446951014856
317,IA,a,23,ADS,8.650810851109044,54.39797488881126,1084.5370415580223,1654.4195612354922
318,IA,a,23,ADS,9.330785537219192,41.267429225996466,647.6287225509129,1617.9487570055344
319,IA,a,23,ADS,17.048963371389426,114.42332649025744,1066.2446445062092,1607.640848495959
320,IA,u,23,ADS,24.48947907447485,48.77059817617635,509.3986340971114,1263.0916818218743
321,IA,i,23,ADS,25.74453054457813,114.42332649026099,421.62358986170705,2314.4290210288837
322,IA,i,23,ADS,26.0890282099638,54.39797488881126,537.5014212170106,2214.4393822333623
324,IA,a,23,ADS,55.20661306209836,45.01901370108641,657.5992807666223,1873.9829015895205
325,IA,a,23,ADS,57.53994345559287,76.90748173935447,883.8263540117706,1472.8980701814664
326,IA,a,23,ADS,60.65705339118402,78.78327397690299,1022.824600931387,1492.0040168775515
327,IA,i,23,ADS,62.5478850231566,95.66540411480418,510.948045132122,2327.6584885449583
328,IA,i,23,ADS,65.45826957613912,65.65272831407754,503.6750858767099,2414.7941590545665
329,IA,a,23,ADS,67.7247345153807,45.01901370109351,688.9692744221531,2044.9830822460917
330,IA,a,23,ADS,67.87573579050309,76.90748173935447,599.0966566886566,2133.0595084588226
331,IA,i,23,ADS,81.05145392625451,61.9011438389947,336.4767619208577,2407.3604768408086
334,IA,a,23,ADS,83.73959884244118,91.91381963972844,603.6649896238274,1904.6886720619254
335,IA,a,23,ADS,87.71136522870107,80.65906621445151,922.1843738322249,1677.2230291300991
336,IA,a,23,ADS,88.31255664083432,63.77693607653612,874.7414739727714,1688.0537050456917
337,IA,u,23,ADS,89.91288538585539,56.27376712635623,496.8562267280123,1761.263856354573
338,IA,a,23,ADS,90.1351667660045,95.66540411481128,684.5396937397617,1538.026747442801
339,IA,a,23,ADS,93.96324683955348,93.78961187724144,1031.8388904584817,1620.4786728468753
340,IA,i,23,ADS,94.3525753121015,45.01901370106509,597.5611371795103,2110.9204621111944
341,IA,i,23,ADS,99.5032652962575,116.29911872780951,714.9766518899569,2167.4209480456675
342,IA,a,23,ADS,105.91958347766727,69.40431278916037,854.6598285421057,1573.2124209185392
344,IA,a,23,ADS,114.54745933907884,95.64449344061643,882.9976786045762,1723.4535101964725
345,IA,i,23,ADS,115.96664713460623,39.39163698844084,443.13288234969303,2176.362257375961
346,IA,i,23,ADS,120.42913635749898,78.7832739769101,358.3829377786608,2127.341635785979
347,IA,a,23,ADS,125.64557751665151,123.8022876779894,805.471131483132,1740.818061159596
349,IA,a,23,ADS,129.96795876474576,138.80862557834917,820.6116157367348,1563.8766371376412
350,IA,i,23,ADS,131.23104810346334,58.14955936392607,543.9121737913769,2224.7061019147673
352,IA,a,23,ADS,134.97223537111586,76.90748173936868,951.0896902237648,1984.7263368489741
353,IA,i,23,ADS,144.71542068557267,61.90114383898049,445.94270552721997,1977.56721598841
354,IA,a,23,ADS,146.97594167492835,60.02535160143907,912.0026503492023,1494.284797555076
355,IA,a,23,ADS,148.6473623184374,75.03168950179884,792.7816305681183,1607.592453799241
356,IA,a,23,ADS,155.22729258094435,101.29278082743554,827.9772820461671,1793.0286023771891
357,IA,a,23,ADS,157.07017496762614,103.16857306497695,1108.2666442891505,1529.5839798562774
358,IA,i,23,ADS,158.93942002889094,50.64639041373198,1508.6508415969704,2559.9828610666873
359,IA,i,23,ADS,159.42776229357418,67.52852055163316,512.6368069157279,2237.1501468604624
360,IA,a,23,ADS,159.62847206299153,86.28644292710419,1179.555908368994,1718.583457185874
362,IA,i,23,ADS,161.88803472114182,56.25479739538264,412.5844864433999,2221.6404466084005
364,JA,a,24,ADS,3.7519030067455534,61.674619945764064,663.3907991881138,1593.0471414198778
365,JA,a,24,ADS,5.691001370453335,57.65236212321412,786.410774397401,1731.2990991345998
366,JA,u,24,ADS,8.48279615594355,81.78590905851202,578.6665672303972,1498.1969490805398
367,JA,a,24,ADS,9.558132149297382,65.69687776831401,731.204973312558,1409.2191262661165
368,JA,i,24,ADS,16.502455297697843,81.7859090585138,448.5696797665098,2433.342516264729
369,JA,u,24,ADS,17.109816228902865,71.0598881983806,826.9821078336693,1898.294387529223
370,JA,a,24,ADS,20.67502031099719,120.66773467649483,696.2446462309665,1470.3168901525694
371,JA,i,24,ADS,22.647453218368348,99.21569295622845,509.3009342604544,2099.8898744115654
373,JA,a,24,ADS,29.02785647571936,113.96397163890981,998.2250350174853,1477.864589350254
374,JA,a,24,ADS,29.176680015153703,63.01537255328071,1045.9439003780856,1657.4667324203924
375,JA,i,24,ADS,41.83225968676376,79.1044038434805,827.9718563595045,2312.0432121177264
376,JA,u,24,ADS,43.81923436469495,100.55644556374688,824.406620040208,1128.895932224728
377,JA,a,24,ADS,47.34488624486754,49.60784647811778,907.7064987339069,1387.868162450628
378,JA,a,24,ADS,48.89146023549648,53.63010430065884,531.7396454059726,1647.4142837336728
379,JA,i,24,ADS,56.93327833954174,71.05988819837705,479.43063561671147,2212.2630608213144
380,JA,i,24,ADS,62.35516104424856,64.35612516079914,480.0234003733201,2244.5512037593357
381,JA,u,24,ADS,62.69168994873522,104.57870338629505,359.624733010424,1174.507540445889
382,JA,i,24,ADS,63.04765976603088,97.87494034871713,509.318663475268,2246.5636059965186
383,JA,i,24,ADS,67.04340747006454,50.94859908564331,472.5211719553532,1913.836206996643
384,JA,i,24,ADS,69.59440529310649,56.3116095157028,553.1293279937247,1977.001835256538
385,JA,i,24,ADS,69.8002108183603,36.20032040294063,395.4036303761539,2009.3403143716428
386,JA,a,24,ADS,72.4260985869694,58.99311473073965,1086.1866455388097,1651.3650525219855
387,JA,i,24,ADS,78.94058503400143,331.16589405661045,558.3187676380336,1979.3081780772313
388,JA,u,24,ADS,80.56839211911534,71.05988819837705,505.96154279674727,1220.9591028664288
389,JA,a,24,ADS,83.18008442361538,135.4160133591904,860.3122933419324,1773.5190484193336
390,JA,a,24,ADS,83.37008844316483,85.80816688106552,1057.098285052041,1726.2976961428424
391,JA,a,24,ADS,84.02279983956507,85.80816688106552,814.3826752837208,1840.2830205535784
392,JA,i,24,ADS,85.5163696290009,64.35612516079914,481.5951323681544,1888.984972683082
393,JA,u,24,ADS,86.28422371472118,69.71913559085863,477.52386982256184,1347.1636662267167
394,JA,i,24,ADS,93.52329162098395,60.33386733824386,395.0523469398985,2047.0599987622234
395,JA,i,24,ADS,98.87749493434902,97.87494034870292,575.4224292233874,2119.6394141232013
396,JA,a,24,ADS,100.07756539339816,81.78590905852445,1026.7056886257974,1567.0759137987495
397,JA,a,24,ADS,109.3728187718056,57.652362123221224,759.5381569004494,1952.2083570355048
398,JA,i,24,ADS,120.49155602749045,46.92634126307382,464.79825494386137,1989.2406154854339
399,JA,i,24,ADS,122.08877678395038,49.60784647809646,656.8848445064518,2095.1383422728945
400,JA,u,24,ADS,123.7438395192246,83.42418332725288,448.2256843860096,1243.733762994936
401,JA,a,24,ADS,124.85965010569586,30.837309972881144,942.1287785668051,1697.5391093476364
402,JA,u,24,ADS,126.57032649241732,91.17117731113922,387.62190291016157,1234.5346152196707
403,JA,i,24,ADS,133.3150538448932,95.19343513369449,405.4463788973359,2183.619871070825
404,JA,a,24,ADS,136.26924965974868,81.78590905851024,973.428438356885,1601.3875749922215
405,JA,a,24,ADS,137.76298148411092,122.00848728403457,812.1523921677256,1447.9351168107266
406,JA,a,24,ADS,139.71704894229293,54.970856908198584,813.1940497502488,1603.2727202825574
407,JA,i,24,ADS,144.30940294133376,88.48967209607395,552.0951971302215,1995.2426276689346
408,JA,i,24,ADS,144.44951158881923,65.69687776831756,702.4344227179047,1833.2689463451827
409,JA,a,24,ADS,146.76851473756471,81.78590905853866,714.1344712721148,1631.3686405689573
410,JA,a,24,ADS,147.40805373135015,63.01537255328071,945.5252135046618,1717.9583131345069
411,JA,a,24,ADS,148.58648787715447,48.26709387060646,769.3203506007503,1386.4015666429918
412,JA,a,24,ADS,155.25371686738225,61.674619945733866,925.8477593803102,1679.353526122779
413,JA,i,24,ADS,155.43807035091578,65.69687776831756,584.3444797050909,1721.4076824399901
414,JA,a,24,ADS,155.8043467940867,71.05988819839126,904.5167919273964,1794.6321201531662
415,JA,i,24,ADS,160.0350725108868,52.289351693161734,440.1663321511807,2316.2154538725713
416,JA,i,24,ADS,160.21205185507898,52.28935169313331,505.80996298621585,1738.9682998549185
417,JE,a,21,ADS,3.4744855713709244,79.66287205456268,602.1594814958377,1759.2094910104156
418,JE,u,21,ADS,10.149738537983922,44.12097529175796,505.9547518636126,1195.340180564404
419,JE,a,21,ADS,11.980774261433314,73.53495881959482,844.2519203302371,1436.7926427164975
420,JE,a,21,ADS,14.644999293600186,44.12097529175796,773.0926087930982,1435.7700716297977
421,JE,a,21,ADS,17.56075216181545,72.30937617260125,484.9126854056627,1722.959774361939
422,JE,a,21,ADS,18.789184249767537,75.98612411358374,524.8217514840093,1790.1055470227286
423,JE,a,21,ADS,21.59998129050016,94.36986381847845,844.9081324154085,1437.2247949034606
424,JE,a,21,ADS,22.6070476172837,74.76054146658839,815.0080658203765,1941.3769631445057
425,JE,i,21,ADS,31.118575660263488,31.86514882183289,920.901631269501,2639.088262108435
426,JE,a,21,ADS,43.97323649282532,52.70005382071474,671.7774352345191,1726.738346637333
427,JE,i,21,ADS,46.4314691758257,41.66980999777081,486.8944348126977,2256.3315028715338
428,JE,a,21,ADS,58.14825056734742,63.73029764365157,941.6333380894881,1662.0996534989554
429,JE,i,21,ADS,59.16610458009606,42.89539264476616,406.95364587482356,2160.116537120259
430,JE,a,21,ADS,59.37874316934939,90.69311587750661,635.2625077841324,1400.7001280669188
431,JE,i,21,ADS,67.6533559035731,116.4303514643592,716.6815485402863,2257.4645576814123
433,JE,a,21,ADS,73.86038783905698,75.98612411358374,561.9940416567572,1436.668390881268
434,JE,i,21,ADS,79.14091250455019,42.89539264476616,562.9259737646319,2310.7658596249566
435,JE,i,21,ADS,79.44179304438703,46.57214058575221,687.901222971108,2158.8817138620666
436,JE,a,21,ADS,82.10758068153035,137.2652564632375,763.3903641657096,1488.4250472601461
437,JE,i,21,ADS,84.12592882766879,163.0024920500972,556.769677890452,2283.8780843020954
439,JE,a,21,ADS,88.20890869817964,121.3326820523406,843.9299384348544,1495.8516835489936
440,JE,i,21,ADS,90.50491256719742,147.06991763917188,492.84907655578934,2160.6387397532894
441,JE,a,21,ADS,91.26196003399434,117.65593411135455,530.0870053175555,1728.4576791338184
442,JE,a,21,ADS,97.8887003971588,87.01636793651346,739.8497845655993,1374.7462337648303
443,JE,a,21,ADS,98.6677751404654,77.21170676056488,749.0020800532,1240.0379571655594
444,JE,a,21,ADS,101.78437546940128,53.92563646771009,486.9279641101997,1751.0790183465238
445,JE,a,21,ADS,101.91122327336508,47.79772323276177,716.0240731533445,1449.667522328986
446,JE,i,21,ADS,103.10809402368857,44.12097529176151,407.46140165313744,2025.742138390505
447,JE,i,21,ADS,103.4930418570945,100.49777705344809,448.45760262194773,2319.3299991002214
448,JE,u,21,ADS,104.09689149301724,68.63262823159744,521.8451272928884,1648.2977170023119
449,JE,a,21,ADS,104.24396141065644,98.04661175945739,630.8302801934663,1561.2786570227443
450,JE,a,21,ADS,105.20756038902866,99.27219440646695,496.92373248773475,1712.9971320898117
451,JE,a,21,ADS,107.57765837927488,93.144281171476,687.7775179240651,1660.661413022566
452,JE,a,21,ADS,108.29615362160618,41.66980999778502,721.7389312459818,2122.3413171203497
453,JE,a,21,ADS,108.53391665512284,73.53495881960725,578.5286275826164,1741.5570415853206
454,JE,i,21,ADS,109.58653888656684,42.89539264475195,483.57684208600364,1991.9056793530235
455,JE,i,21,ADS,113.62768806033584,132.36292587528453,432.93237121785694,2349.3217231838626
456,JE,a,21,ADS,116.84093328279876,71.08379352560235,714.3258791055023,1468.3635888484685
457,JE,a,21,ADS,118.13076700977132,55.15121911470544,715.2603209801555,1487.761568186219
458,JE,a,21,ADS,123.51910211264298,49.02330587974291,647.0700455617282,1523.4922523065034
459,JE,i,21,ADS,124.8792919595676,78.43728940756023,411.8615935571802,1998.3704845770876
460,JE,i,21,ADS,126.50084751485272,160.55132675612072,531.2992367847665,1690.9954779406867
461,JE,i,21,ADS,129.5811042267593,40.44422735077546,348.64084371423866,1994.086520558355
463,JE,i,21,ADS,135.19489290776306,57.60238440868193,414.8910483281215,2050.4120477340866
464,JE,a,21,ADS,137.15009033644523,99.27219440646695,557.212550502652,1785.3535584191804
466,JE,a,21,ADS,148.46072392503388,75.98612411356953,831.5598094297472,1440.599521422673
468,KA,a,14,ADS,2.65168181161269,45.796481475170566,750.8212563082199,1514.1400773511862
470,KA,a,14,ADS,34.24743262164199,98.92039998636193,732.2199379276813,1785.105718616318
471,KA,a,14,ADS,35.4501490643591,58.619496288216055,927.3404472479508,1744.171438654365
472,KA,i,14,ADS,35.938339556884415,67.7787925832547,473.3176197550931,2544.486775598916
473,KA,i,14,ADS,52.62372070080791,84.26552591431147,803.0290426373284,2261.5366651148265
474,KA,a,14,ADS,58.1586840508095,100.75225924537534,786.5073631707746,1761.617958042632
477,KA,a,14,ADS,85.85133614393438,152.04431849755906,760.4723934608269,1522.4141779683216
478,KA,a,14,ADS,91.6703585663146,84.26552591431857,785.0564909831352,1636.9614114553926
479,KA,a,14,ADS,99.95302043885852,89.7611036913446,754.9402576199932,1492.3228842512922
480,KA,a,14,ADS,101.61839205795258,73.27437036026652,917.6500443407642,1739.5205867611576
481,KA,a,14,ADS,122.3955534224588,91.59296295035801,804.5959187160162,1627.3865899597881
482,KA,a,14,ADS,122.88557577424314,119.07085183544552,901.4964675522335,1627.3305226214657
483,KA,a,14,ADS,150.96872598191646,62.28321480622867,950.475263512018,2004.1933570129356
484,KA,a,14,ADS,163.36309709993677,69.6106518422539,840.6287121446418,1924.3000241900013
486,KA,a,14,ADS,187.720258417582,128.05299919938307,731.2406074736616,1303.9708040107118
487,KA,a,14,ADS,195.25212011773607,96.47828706803807,833.7111597547984,1691.4618591768049
488,KA,a,14,ADS,199.1502002604068,85.95338302421851,736.6271998108491,1943.4889347956512
489,KA,a,14,ADS,203.3728081032257,149.10280728696534,903.3421144440717,1770.3886671679106
491,KA,a,14,ADS,207.3833369579001,157.87356065678182,557.7189365588778,2278.8776617894264
493,KA,a,14,ADS,213.46479530851144,159.62771133072806,916.7940685678399,1924.0624281052906
494,KA,a,14,ADS,215.39457359513708,94.72413639412025,623.7723022631034,1845.4614370249428
495,KA,a,14,ADS,221.5375140992514,161.38186200470273,780.8698139504629,1541.0244567359464
496,KA,i,14,ADS,232.99459718304524,64.90357493666465,513.5617071981512,2379.5076414068126
497,KA,a,14,ADS,233.1086169768529,103.4948897639083,845.3420127630212,1870.2425073369552
499,KA,i,14,ADS,236.07060692068583,64.90357493669308,482.3006973319072,1981.5894383826756
500,KA,a,14,ADS,238.1908936243068,91.21583504611408,842.4630602080804,1358.8343882641627
502,KA,a,14,ADS,245.89158767230947,98.23243774198431,846.1253322859212,1610.7814118045621
503,KA,i,14,ADS,256.1777074358241,56.13282156690502,570.6854875933425,1744.6664487604753
504,KA,i,14,ADS,263.53876129957325,142.08620459112353,608.3145217240881,2612.711711800521
505,KA,a,14,ADS,278.0891546389345,64.90357493663623,669.7660757114628,1716.4400274478353
506,KA,u,14,ADS,288.69272757995884,110.51149245975012,671.7477652685837,1613.4801891117902
507,KA,a,14,ADS,307.6914168979922,147.3486566130191,623.3168548653975,2028.570193366716
509,KA,a,14,ADS,330.4905512220426,77.18262965443046,690.8951741117393,1863.6451082327173
510,KA,a,14,ADS,335.8299459176243,152.61110863491467,836.8737523231911,1624.1052648530272
512,KA,a,14,ADS,338.9533177234621,75.42847898048421,844.2332657843208,1928.506230277626
513,KA,a,14,ADS,344.045194105145,163.13601267864897,941.7538875562615,1620.3868503119816
515,KA,a,14,ADS,381.6053837837953,114.0197938076426,815.6903487029107,1662.8672682745766
516,KA,i,14,ADS,382.4209774836981,71.92017763247804,390.0688725416601,2073.5312145833227
517,KV,i,16,ADS,5.017728091619304,47.904216323407134,717.4604778450188,2135.7926491739154
518,KV,a,16,ADS,8.284460410553205,84.19528929568543,942.8586676617218,1582.543106312119
520,KV,u,16,ADS,9.213041922862455,84.19528929568543,758.3296655443021,1618.7915589798686
521,KV,a,16,ADS,23.079277121067705,105.14072148918885,836.8340836838438,1533.351329429105
522,KV,a,16,ADS,28.19774081371032,92.90514680904138,709.6201928121122,1815.2077975187667
523,KV,a,16,ADS,39.00748440565768,104.5182901601649,741.8523172140231,1531.1368495638453
524,KV,u,16,ADS,39.54358762371069,84.19528929568543,732.0577301473168,1261.973850153747
525,KV,a,16,ADS,41.9796689773744,68.22721718788927,586.56851158941,1718.6120632130048
526,KV,i,16,ADS,43.64608403331825,135.0027914568699,553.2206074798029,1866.1113761654492
527,KV,i,16,ADS,44.0467374789322,74.0337888634457,606.3488547391149,2010.559557578743
528,KV,u,16,ADS,49.75327633911557,69.6788601067766,631.3130118749193,1392.4203845100317
529,KV,a,16,ADS,51.28600448120377,66.77557426899483,572.5796354046439,1694.1492628952126
531,KV,a,16,ADS,89.03353169664211,62.42064551231863,833.6099565827778,1616.2189075957626
532,KV,i,16,ADS,91.45854192295212,47.904216323416904,656.2037298912379,2147.704464088347
533,KV,a,16,ADS,94.7376612468409,50.807502161177354,844.0391758002571,1882.3011061350617
534,KV,a,16,ADS,117.2216665393099,90.00186097127028,883.0192443448583,1675.4499540214345
535,KV,a,16,ADS,117.6310298424372,101.61500432235471,660.7712291439715,1922.3701663912732
536,KV,a,16,ADS,118.23004037201392,69.6788601067766,593.4258167914452,1834.8974154529096
537,KV,i,16,ADS,125.05525390666506,119.03471934905951,682.6912912623618,2154.6066300809107
538,KV,i,16,ADS,125.71701196237558,74.0337888634599,481.4274379703837,2406.5447664629355
539,KV,a,16,ADS,126.31508884495872,105.96993307905223,853.5118074510602,1518.6749874434176
542,KV,i,16,ADS,138.5385582348327,72.58214594455126,430.9498320995682,2421.7734767859556
543,KV,u,16,ADS,157.01002929363636,63.872288431213065,749.4570974164893,1473.850603214635
544,KV,a,16,ADS,157.12761237006657,92.90514680904494,752.9031860830131,1471.316507647472
545,KV,u,16,ADS,158.2255891229039,63.872288431213065,497.41018017275314,1668.5837437125274
546,KV,a,16,ADS,183.039067739672,91.45350389013629,732.4171304122045,1893.9818425079745
547,KV,a,16,ADS,184.26252387982,72.58214594455126,822.2234593200368,1833.4381304368246
549,KV,i,16,ADS,213.711674818338,114.67979059239042,816.778880565109,2152.443365741241
550,KV,a,16,ADS,216.56068487732483,63.872288431213065,719.7362073651547,1952.6035339561017
551,KV,a,16,ADS,226.57703355388173,78.38871762010058,679.168281138661,1739.528338473459
552,KV,i,16,ADS,229.18333204982144,60.96900259342419,434.74780207070194,2233.1257107498295
554,LK,i,16,ADS,6.713517458797675,52.55525916979664,466.2130564683854,2293.5640771899625
555,LK,i,16,ADS,11.764957233250342,76.81153263277984,403.87982461003014,2345.721439394345
556,LK,a,16,ADS,11.922549659580197,60.64068365745712,883.5590344330368,1507.974136945455
557,LK,u,16,ADS,12.27493941016742,51.20768842185264,616.7371215852555,1665.909636704131
558,LK,i,16,ADS,16.753209734802905,43.12226393419394,1024.1875795649596,2338.1898510659234
559,LK,a,16,ADS,17.83277053123451,66.03096664923314,987.5632119386397,1499.4939662128454
560,LK,i,16,ADS,18.137321520269744,47.164976178024176,797.9595398784498,1937.3734729153632
561,LK,a,16,ADS,19.96029756270061,61.988254405399346,580.4001155672199,1768.6260811607203
562,LK,a,16,ADS,20.157643326094806,49.860117673912185,1072.1662780517781,1887.1044356882164
563,LK,i,16,ADS,21.450016499113644,60.64068365745712,463.99480108423234,2567.87338717756
564,LK,u,16,ADS,22.204953222468497,52.55525916979664,451.5421063716824,1549.5640803067067
565,LK,u,16,ADS,23.348863634705147,43.122263934190386,576.883432381365,1933.650761899094
566,LK,a,16,ADS,23.99568329346096,60.64068365745712,660.1864036201857,1760.2133079239845
567,LK,a,16,ADS,24.37823860844221,84.89695712043854,1072.0058213186883,1755.253489229215
568,LK,i,16,ADS,27.583178903297465,48.512546925966404,401.7292841699517,2339.419758646894
570,LK,a,16,ADS,31.144152604783592,67.37853739717536,570.2473377222829,1765.1199742036572
571,LK,a,16,ADS,31.812519095249424,45.817405430078395,602.7870519559542,1754.3206234175682
572,LK,i,16,ADS,34.731530112775204,33.68926869858768,355.10169875795225,1948.7099016627465
573,LK,a,16,ADS,35.51986707539777,57.94554216156911,764.6891463494073,1767.448109384991
574,LK,i,16,ADS,36.725936669625774,43.12226393419394,462.99436999770626,2043.952500091234
575,LK,a,16,ADS,37.79753014341465,47.164976178009965,768.9034157548404,1455.238741213409
576,LK,i,16,ADS,39.83499991327699,33.68926869858768,448.44265300723737,1977.9585707077974
577,LK,i,16,ADS,40.28980504070792,75.46396188484294,505.2607047628233,2018.989519597348
579,LK,i,16,ADS,50.242031395017406,66.03096664923669,552.9593497261186,2641.841095919449
580,LK,a,16,ADS,50.444167007208925,60.640683657453565,920.8290322034214,1691.2251518622452
581,LK,a,16,ADS,51.58806311918849,52.555259169800195,1039.1494979184038,1664.5755505363747
582,LK,i,16,ADS,52.63034381661888,51.20768842184731,459.9869277287226,2078.7503158004297
583,LK,a,16,ADS,53.053481031473126,37.731980942410814,666.8107014237895,1551.82145574978
584,LK,a,16,ADS,60.77567547614205,40.427122438302376,651.5359927531198,1588.8266117162093
585,LK,a,16,ADS,60.87606949686384,44.46983468213972,671.7531598685653,1446.8872253691964
586,LK,a,16,ADS,62.832277890573735,63.33582515334513,805.4686689193709,1500.3830172511502
587,LK,a,16,ADS,63.74630938844108,41.77469318624816,707.0522784173946,1704.4284862956251
588,LK,i,16,ADS,64.5568731933291,83.54938637249631,556.2835424828445,2238.4854304232576
589,LK,i,16,ADS,65.66126024700984,47.164976178024176,505.441988810231,2214.367275213696
590,LK,a,16,ADS,65.79759487106054,59.29311290951489,568.9425567796277,1726.5089896698478
591,LK,a,16,ADS,66.49973205648011,72.76882038894428,572.0397694345922,1528.0622182121888
592,LK,a,16,ADS,66.91680520296863,60.640683657453565,918.2220263857107,1642.3950631528057
594,LK,i,16,ADS,72.04759687411526,49.86011767391574,603.3535870862518,2239.3834331449516
595,LK,a,16,ADS,74.93687990893108,75.46396188483584,692.5253847340492,1819.032526668229
596,LK,i,16,ADS,81.43023653383457,59.29311290951489,436.09903629700216,2360.9836563776316
597,LK,u,16,ADS,85.57802632020326,53.902829917731765,1109.872255613458,2355.0065039481506
598,LK,i,16,ADS,88.18531091326994,37.731980942425025,1330.1824249829642,2779.809097832391
599,LK,a,16,ADS,96.11329892643109,39.07955169034949,853.2752109281307,1486.933325591491
600,LK,a,16,ADS,100.72303882524622,97.02509385193991,814.8501806014705,1635.2340686432028
601,LK,i,16,ADS,103.7415705500198,79.50667412868029,428.12936285976787,2122.7637303399265
602,LK,a,16,ADS,109.61103859421524,60.640683657453565,587.0501424260435,1794.372813729875
603,LK,a,16,ADS,109.77005194247258,106.45808908753907,811.7232070157598,1742.424122432164
604,LK,i,16,ADS,110.86904871316156,51.2076884218402,555.2740841986657,2390.2341229706117
605,LK,a,16,ADS,112.0263614816981,79.50667412865187,644.3934749345201,1724.0897128812517
607,LK,i,16,ADS,116.92987180356492,51.207688421854414,408.0300252367035,2119.926139098568
608,LK,i,16,ADS,117.14177419108827,80.85424487660475,480.87264850713495,2094.6616684578053
610,LK,i,16,ADS,118.40056189699644,66.0309666492509,530.6902310094705,2388.518475519916
611,LK,i,16,ADS,121.16637935586505,47.164976178009965,582.5877841802769,2299.689779137238
612,LK,i,16,ADS,121.6227396572196,75.46396188483584,337.7759342879942,2444.5000513393497
613,LK,u,16,ADS,121.82685994994328,60.640683657453565,624.9428333957715,1538.7069077101312
614,LK,a,16,ADS,124.1726567669864,48.51254692594864,600.4778606404853,1502.2948112476377
615,LK,a,16,ADS,125.17622029333684,68.72610814511404,787.2209165933059,1466.3554266309382
617,LK,i,16,ADS,127.52722216552874,52.55525916982151,558.8589833987934,2369.199568534713
618,LK,u,16,ADS,128.7319441890087,56.59797141362333,719.2090067942254,1714.5864444540102
619,LK,i,16,ADS,129.0711920122127,289.72771080785265,373.58611460449106,2377.388515096992
621,LK,i,16,ADS,135.69069505430178,60.640683657453565,452.43238760520165,2091.8679433668276
622,LK,i,16,ADS,135.80878464751424,84.89695712043499,307.8255052791796,2332.2394476609657
623,LK,a,16,ADS,138.05621687503316,37.731980942425025,884.5931472719271,1650.9184772302087
625,LK,i,16,ADS,142.3739858034856,111.84837207929377,535.7342446010272,1956.7416482106676
626,LK,i,16,ADS,142.55860299595383,60.640683657453565,461.1654437082821,2558.748831189109
627,LK,i,16,ADS,143.1642179453095,67.37853739718958,577.7905762682609,2168.0986939496825
628,LK,a,16,ADS,143.75427678014137,87.59209861631234,854.9923820386704,1658.0619320753763
629,LK,i,16,ADS,144.32699434801734,74.11639113689716,567.6895436725206,2640.097619723528
630,LK,a,16,ADS,149.829434591241,90.28724011221811,833.586630637232,1462.4895575836674
631,LK,a,16,ADS,150.6272859753543,71.42124964101981,771.4129659967195,1687.9564778331774
632,LK,a,16,ADS,151.5180159394879,67.37853739716115,765.875201547544,1585.9246908060784
633,LK,a,16,ADS,155.71208931348474,52.55525916979309,989.4442484862382,1363.3311626884224
634,LK,a,16,ADS,160.20649381150582,47.164976178009965,869.8584815617255,1250.8747861925706
635,LK,i,16,ADS,163.53982378310167,78.1591033807274,415.3073942335379,2348.7690046506737
636,LM,a,12,ADS,0.687113970536806,64.88102702552534,512.0999616696243,1288.2371666498098
637,LM,a,12,ADS,6.0975531704381005,67.15755428957948,648.9126116566217,1239.2403135879754
638,LM,a,12,ADS,9.957361272275852,81.95498150592861,766.6627050702949,1490.9461543258928
639,LM,a,12,ADS,12.515725843130689,72.84887244971117,661.9444564298286,1443.6649175823857
640,LM,i,12,ADS,19.48551307113977,60.327972497418614,475.1418915154359,2012.3852654383481
641,LM,a,12,ADS,31.31543877630732,52.36012707322857,772.603199110504,1474.195272284536
642,LM,a,12,ADS,31.567564170801248,92.19935419416814,510.04650463057914,1386.9542818621424
643,LM,a,12,ADS,40.39024123451912,85.36977240200372,413.4632326983519,1279.6647429405389
644,LM,a,12,ADS,41.08682785454174,140.00642673929065,692.9334727582416,1762.570924745774
645,LM,a,12,ADS,42.05633732732693,35.28617259283351,471.6109636369268,1249.3194154392913
646,LM,i,12,ADS,42.54579068909844,160.49517211577324,466.5270659587126,2211.3520722133094
647,LM,u,12,ADS,43.35317806043964,137.7298994752323,373.63954664320596,783.2533573008094
648,LM,a,12,ADS,44.13265163388088,78.54019060984285,625.1825454315203,1366.3208099515032
649,LM,i,12,ADS,47.39119318459608,64.88102702552823,597.4793728403872,1932.4963855622975
650,LM,i,12,ADS,47.61114141898968,34.147908960797224,436.5654285969303,1833.5573659775337
651,LM,a,12,ADS,52.80113201658785,52.36012707322857,603.8197710648822,1342.8080403230763
652,LM,a,12,ADS,54.53348441455033,61.46623612944069,534.1502247897486,1207.3132617788401
653,LM,a,12,ADS,54.75772235005961,72.84887244971827,541.8360885012902,1140.77177233717
654,LM,a,12,ADS,61.43106066583224,106.9967814105155,657.1338372331674,1279.5574800932636
655,LM,u,12,ADS,62.50809801071524,37.56269985688476,425.91076270405654,884.1218120063164
656,LM,a,12,ADS,62.72436810080032,130.90031768307853,799.2411769182172,1556.2707213150888
657,LM,a,12,ADS,68.49753885700812,67.15755428957948,639.2372033487072,1389.4639837373534
658,LM,a,12,ADS,70.40564618108355,79.67845424187203,658.177931002383,1610.0045895446144
659,LM,u,12,ADS,71.28954154861863,104.72025414645714,383.40452844773444,827.4287483639469
660,LM,u,12,ADS,73.03467088159488,62.60449976146276,420.5302834766678,1142.0967392482214
661,LM,a,12,ADS,74.09709807041656,64.88102702552112,469.5696471455301,1634.6754306954285
662,LM,a,12,ADS,75.66203793000031,63.74276339350615,597.0926185593357,1702.4481152397452
663,LM,i,12,ADS,75.86351791122001,50.08359980917021,493.8371800295001,1977.5783719609415
664,LM,a,12,ADS,76.92581927444215,51.22186344119939,542.7884911445126,1930.3242707258996
665,LM,a,12,ADS,80.47456830798205,75.12539971376953,421.8201550114104,1364.0047507031968
666,LM,a,12,ADS,80.73592563713174,72.84887244971117,640.502897396936,1522.9357340641022
667,LM,u,12,ADS,83.63963471305816,38.70096348890684,370.18609398443505,888.964168099105
668,LM,a,12,ADS,85.04194040107498,235.62057182954277,667.4048840345221,1807.0087328267987
669,LM,a,12,ADS,85.85771990349252,45.5305452810677,647.692510446067,1686.7298593914045
670,LM,a,12,ADS,86.157346592128,42.115754384994375,472.937866568422,1561.0896388797157
671,LM,a,12,ADS,87.44982886021856,50.08359980918442,546.8772020188427,1310.8975024962667
672,LM,u,12,ADS,88.14874906919832,67.15755428957948,354.723559096262,974.9677470743794
673,LM,i,12,ADS,92.7740658024894,132.0385813151006,433.9199074657692,2027.6716997636688
674,LM,a,12,ADS,95.38290753602782,48.94533617714103,568.9516611437424,1467.7865237260937
675,LM,a,12,ADS,96.78197400209018,47.80707254512606,532.4875072963663,1520.9566660119126
676,LM,a,12,ADS,99.18714701161564,34.14790896080433,779.3375644333106,1526.0235644562504
677,LM,i,12,ADS,102.28596881375049,51.2218634412136,430.3723065459895,2058.7951142175816
678,LM,a,12,ADS,103.88876544938124,58.051445233360255,442.7228556790204,1045.8747551340507
679,LM,i,12,ADS,114.37625111224868,68.29581792159445,502.58975351901466,2089.117745245864
680,LM,a,12,ADS,114.64431219759096,62.60449976147697,498.33130343568274,1687.1093453213932
681,LM,a,12,ADS,115.55182872742176,46.66880891309688,613.5462779812063,1795.4685937572037
682,LM,i,12,ADS,116.7733875124434,143.42121763537818,440.8574679769582,2005.3085619718752
683,LM,i,12,ADS,119.29976219435298,69.43408155363784,516.8019548629508,1989.391192865394
684,LM,u,12,ADS,122.12889598181724,51.22186344119939,333.61474564161165,1300.3589270428101
685,LM,a,12,ADS,123.52959376107025,64.88102702552112,531.6823130727722,1368.9395227064513
686,LM,i,12,ADS,125.45997330822765,60.327972497418614,408.38241559725356,2006.899556265941
687,LM,a,12,ADS,125.8169755052453,85.36977240201793,605.8559300634427,1385.3004828173757
689,LM,a,12,ADS,136.99278586652122,71.71060881768199,605.7653766996888,1133.5411523236553
690,LM,a,12,ADS,140.0768219436532,89.92282693012044,462.5275247733641,1910.9080612682485
691,LM,a,12,ADS,141.28898786177956,42.115754385008586,518.9715801910521,1179.4990157632135
692,LM,a,12,ADS,145.82526399671133,71.71060881768199,670.0795644786357,1491.610935705304
693,LM,i,12,ADS,147.86045158248612,59.189708865403645,367.92368851488106,2335.6672169837993
694,LM,a,12,ADS,148.52349014814172,71.71060881768199,697.7330786320758,1429.7391761581885
695,LV,i,16,ADS,3.686764529744796,76.14839286950614,694.0846570252909,1971.5317787199951
696,LV,i,16,ADS,7.130750201423448,63.42917730106912,518.9037488219292,2250.687372637716
697,LV,a,16,ADS,7.275894166952517,96.77191593833089,880.065802641271,1635.2494157941164
698,LV,a,16,ADS,8.853611267628354,47.592745543440174,704.9311069079745,1706.5489619496652
699,LV,u,16,ADS,12.74666331276159,77.73481772095359,508.54072201430466,1423.1834249489712
700,LV,a,16,ADS,25.35067038573484,76.14839286950925,889.6683159896143,1713.2358562392903
701,LV,i,16,ADS,28.07293209754404,150.7103608875653,425.5453785691018,2208.4723283318717
702,LV,a,16,ADS,45.04033251840335,80.93536729108308,803.3290436072419,2045.5735500027063
703,LV,i,16,ADS,45.35445475054981,37.80000899618585,469.6872283831276,2209.618091264327
705,LV,a,16,ADS,62.27480411085584,63.969245993533264,610.5027960662719,1814.9572145092511
706,LV,a,16,ADS,63.41271078611757,56.70001349427167,716.8941297047515,1794.7984986354281
707,LV,a,16,ADS,65.14453015404813,114.85387348838572,634.0816290078614,1717.019556301443
708,LV,a,16,ADS,89.72464726775824,82.86925049162619,779.2420997173805,1847.1858851665804
710,LV,a,16,ADS,99.63747057358025,88.6846364910383,879.6593093094579,1878.9232278797326
711,LV,a,16,ADS,104.77854474752318,56.700013494250356,910.0351231056966,1525.1974725653965
712,LV,a,16,ADS,105.40725369398665,72.69232499265854,893.0070599356361,1695.515967886528
713,LV,u,16,ADS,106.24975774065152,74.14617149250091,567.0105466828626,1572.4583975839876
714,LV,a,16,ADS,107.57806265822153,106.13079448927465,552.6347986149198,1479.6745034534558
715,LV,a,16,ADS,107.9909550641798,62.51539949367668,654.8821172874854,1524.1398049371223
718,LV,i,16,ADS,145.9911654313797,72.69232499265854,504.76262188517643,2153.082029963097
719,LV,a,16,ADS,148.10385274991026,75.6000179923717,918.3327729960022,1726.9499804938262
720,LV,i,16,ADS,148.86276062283355,133.75387798649285,595.8121402210362,1906.6670433673467
721,LV,i,16,ADS,151.151163625371,47.9769344951535,516.4748634138871,1916.162933731138
722,LV,u,16,ADS,151.43684446259212,40.70770199587059,881.1042727755877,1465.7878404724515
723,LV,a,16,ADS,152.79867571312104,84.32309699148277,888.7377302223758,1601.2607268744916
725,LV,a,16,ADS,157.81962362516165,79.96155749191303,743.1416213430475,1584.546362492484
726,LV,u,16,ADS,158.79290239082962,61.06155299383431,630.9822467068287,1506.2043546164314
727,LV,a,16,ADS,176.90071690321605,97.40771549016358,803.6150480208224,1479.9203680495366
728,LV,a,16,ADS,182.1959626540552,66.87693899323222,764.0654189355175,1484.2174505728185
729,LV,a,16,ADS,189.975529231062,177.3692729820766,910.3808044510296,1787.7272900593684
730,LV,a,16,ADS,190.9972242485373,94.50002249039358,899.9791080955072,1536.4072062546352
731,LV,a,16,ADS,193.2831746921981,88.68463649110936,870.6934873406443,1593.6175372198543
732,LV,a,16,ADS,194.9073854035892,107.58464098913123,859.497325294815,1536.7492301856587
733,MA,a,23,ADS,3.928616558275661,92.78402584751255,961.9656566271819,1276.576874455298
734,MA,a,23,ADS,4.7772544950318006,52.01528721754478,715.6669308694937,1998.6656691366506
736,MA,i,23,ADS,8.342712273615312,74.5083843926988,296.9891477683435,2245.945029269549
738,MA,a,23,ADS,20.50360890093694,192.59714456226007,880.9833963052083,1636.2752614498286
739,MA,a,23,ADS,26.11998141377468,67.47929152546561,990.9035816479973,1411.9018998808729
740,MA,a,23,ADS,30.1258330791432,52.01528721754656,886.8138606667144,1306.743984663438
741,MA,a,23,ADS,30.50188954754032,61.85601723167622,890.0349883897525,1244.6117783746868
742,MA,i,23,ADS,31.154585624280983,89.97238870061963,275.262548528262,2448.055653706364
743,MA,i,23,ADS,36.28557436687761,57.61762093303702,491.62134021977175,2530.302462368918
744,MA,i,23,ADS,39.86925014589656,66.07347295201293,394.4721618723272,2231.2090695828756
745,MA,u,23,ADS,49.92024898900421,71.69674724580943,508.65178243730105,1219.5264686597766
746,MA,i,23,ADS,50.76658478155467,59.04438008477797,502.76796757351775,2402.4899313808255
747,MA,i,23,ADS,62.33051800810246,50.60946864410454,454.99266336754863,2319.3698728814347
748,MA,a,23,ADS,67.28830226404024,56.23274293787972,1233.2945341948862,1826.855895993845
749,MA,a,23,ADS,69.74988111929673,168.69822881365337,938.4340806532983,1447.5944271324256
750,MA,i,23,ADS,74.28748602678405,115.2771230226648,557.0833863067317,1871.6338250259028
752,MA,i,23,ADS,79.71442212013747,54.82692436443415,395.84726163432475,2437.2052706392974
754,MA,a,23,ADS,138.32582828216871,184.16223312158309,873.4682583639021,1655.6326584433368
755,MA,a,23,ADS,142.11815592938348,53.421105791017,748.264360119583,1729.33581406992
756,MA,a,23,ADS,158.7315063656138,89.97238870063029,907.4560347474438,1497.1891254676007
757,MA,a,23,ADS,174.506663429504,88.56657012717051,842.6232975817683,1613.00761649603
758,MA,i,23,ADS,182.74979847997844,94.18984442100964,329.27212243756736,2224.5083627062963
761,MA,i,23,ADS,211.00832712878625,66.07347295198451,679.8321183800699,1983.0792880443933
763,MA,i,23,ADS,231.8048086162549,108.24803015546536,410.941927522008,2316.6315500477644
764,MA,i,23,ADS,232.43615324195312,63.26183580512179,520.1470518128523,2420.2572868452135
765,MA,i,23,ADS,245.91573596907904,172.9156845339901,408.19188300900385,2343.578059344972
766,ME,a,12,ADS,1.8098757375991232,92.83599078343352,620.2338463467106,1689.0436095081145
767,ME,i,12,ADS,4.929152697983264,91.23537025268558,537.576982268316,2123.392148252881
768,ME,a,12,ADS,5.118826230877005,48.01861592246581,852.3807005875954,1745.9299845582716
769,ME,i,12,ADS,6.679546598163098,67.22606229145268,386.3672992693181,1799.60194916032
770,ME,i,12,ADS,7.119796772213479,100.83909343717856,361.09081159894146,1988.067866216215
771,ME,i,12,ADS,13.791441781026716,49.619236453215976,521.6339718376878,1940.7968985926182
773,ME,i,12,ADS,14.735817206515238,59.22295963770807,401.3757207448498,1554.5883303016878
774,ME,i,12,ADS,20.869953204681263,78.43040600669582,442.90097549628206,1969.5266074798476
775,ME,a,12,ADS,24.87558703865,73.6285444144471,494.89209947154654,1564.26497847187
776,ME,u,12,ADS,25.09274409888605,76.82978547594743,597.038800688375,1217.4340362108064
777,ME,a,12,ADS,25.591337394214328,75.22916494519549,612.7777955499141,1659.8387096460542
778,ME,i,12,ADS,27.027129832007567,80.0310265374442,502.7043583329173,1800.083197541169
779,ME,u,12,ADS,31.18391769634807,126.44902192916874,312.6854777095109,1239.412780304427
780,ME,a,12,ADS,31.45537262015221,86.43350866043775,560.1297832775587,1360.3079813441325
781,ME,a,12,ADS,33.76157805729888,65.62544176070872,649.207876188666,1534.399983831101
782,ME,a,12,ADS,39.15652543026808,83.23226759893743,580.7648353614579,1587.8778255250513
783,ME,a,12,ADS,40.50920883493976,73.62854441445421,533.2634571187532,1769.304043343412
784,ME,a,12,ADS,41.052619505129,97.63785237568356,492.1480880649017,1288.194995995345
785,ME,i,12,ADS,44.37928286170438,78.43040600669582,484.55624994490273,1350.5622650762245
787,ME,a,12,ADS,49.189176921320026,131.25088352141034,895.166857141098,1457.8784957601638
788,ME,a,12,ADS,49.373248282356144,89.63474972193808,760.2113998845749,1543.88599567304
789,ME,i,12,ADS,55.92004488977096,73.62854441445421,383.0921560441533,2088.693172841248
790,ME,a,12,ADS,56.37089254749637,102.43971396792517,948.7306437622435,1608.6339604361679
791,ME,a,12,ADS,56.54055832375575,54.42109804545936,566.7199501910775,1469.4727367301437
793,ME,a,12,ADS,60.21802124253804,72.02792388370938,815.5026954443246,1558.2440021422938
794,ME,u,12,ADS,67.11664699436182,86.43350866044841,389.6595768551236,764.6127811032985
795,ME,a,12,ADS,71.87173305548173,75.22916494519905,590.9530538834924,1924.9140891562029
796,ME,a,12,ADS,78.25720087101163,68.8266828222055,600.5102766079503,1836.018475394324
797,ME,a,12,ADS,79.57384380437665,104.04033449867711,467.07355674648056,1726.7704155010392
798,ME,a,12,ADS,81.74994186233462,49.61923645321065,666.1999278876336,1234.34715214557
799,ME,i,12,ADS,85.5785932055249,67.22606229145356,569.8042927576233,2172.1863367985356
801,ME,a,12,ADS,88.9590177813759,94.43661131417969,587.6057191198057,1791.5405703372242
802,ME,i,12,ADS,90.24146733291975,81.6316470682068,478.7639505924597,1622.1738350118892
803,ME,i,12,ADS,90.992158361841,88.03412919118614,519.3253266646105,1750.3143113951285
804,ME,u,12,ADS,91.54300109635524,44.81737486095483,485.148743249282,1080.154196429067
805,ME,a,12,ADS,94.55387577982842,75.22916494519905,621.109478953558,1370.9689087796733
806,MPS,i,14,ADS,19.190301814832807,44.66642135748344,722.5539679242688,1886.6215483027538
807,MPS,i,14,ADS,20.080007085607004,65.08535683519057,484.7851827513764,2389.231609768952
808,MPS,u,14,ADS,21.951996632706763,62.5329899004754,562.854640824534,1659.6073873678843
809,MPS,i,14,ADS,25.85741293552687,48.49497175955264,440.9338266056714,1965.1580078295312
810,MPS,i,14,ADS,33.26149413734545,51.04733869426781,491.983090673126,1746.335198444077
811,MPS,a,14,ADS,33.51087659687767,57.428256031045066,462.79913043036794,1671.788238064511
812,MPS,a,14,ADS,45.23918060847296,103.37086085588965,783.1919670536715,1661.4428689941626
813,MPS,a,14,ADS,61.47549923340982,117.4088789968124,898.1131612819414,1395.8833548984635
814,MPS,i,14,ADS,72.62897261703147,43.39023789012231,390.3742705234994,2134.625680230831
815,MPS,a,14,ADS,73.9142390585182,90.60902618233513,720.9061274915543,1386.9288790565772
817,MPS,i,14,ADS,99.92469110690816,61.25680643312137,497.0262416547175,1879.1413777439996
818,MPS,i,14,ADS,104.7329470217067,122.51361286622853,440.07010534964695,1911.2411284199063
819,MPS,a,14,ADS,112.83543876679754,54.875889096337005,699.6643224340917,1551.4631111309566
821,MPS,u,14,ADS,119.74073366528636,61.25680643312137,498.0887345074908,2123.8837121349143
822,MPS,i,14,ADS,120.6735551401191,53.59970562896876,553.4417987209497,2143.1227262505995
823,MPS,i,14,ADS,121.51803298623568,133.99926407244322,505.9909683364246,2117.8363036159844
824,MPS,a,14,ADS,126.79901640299089,70.190090704628,610.5655222575339,1723.720723847785
825,MPS,a,14,ADS,138.56187584090392,76.57100804141237,778.2790553387316,1299.0309317878407
828,MPS,a,14,ADS,153.8641395760719,72.74245763932186,603.8889357488359,1748.4303199035617
829,MPS,a,14,ADS,164.0106873066922,72.74245763935028,655.9644765334348,1695.2880834890411
830,MPS,a,14,ADS,164.29837665451055,62.53298990048961,543.613229025913,1660.200136683133
831,MPS,i,14,ADS,173.98323293941598,45.94260482480195,497.62958633135815,2230.283793689896
832,MPS,u,14,ADS,189.5666981837378,48.49497175951001,436.11184355784434,1734.3908465843251
833,MPS,a,14,ADS,191.198799558877,107.19941125796595,685.7230797940259,1311.3866252178782
834,MPS,i,14,ADS,196.91070028989145,156.9705664848584,489.3046406119284,2244.055866630143
835,MPS,a,14,ADS,197.1570036990913,72.74245763932186,709.9381373136613,1665.0162302031974
838,MS,u,23,ADS,7.007091644603655,48.10602914769735,813.3198630772907,1811.2798723508313
839,MS,a,23,ADS,11.72760909530422,63.70798454695148,785.9546184275604,1586.3467236834524
840,MS,a,23,ADS,16.200508633031454,85.8107546958955,618.9242665163989,1646.411751229473
841,MS,i,23,ADS,22.00288336264444,70.20879929664048,531.2343362643436,2075.203920709135
843,MS,a,23,ADS,22.778774105639044,96.21205829539647,908.0234002975944,1951.854921540963
844,MS,a,23,ADS,23.24299698977458,63.70798454695148,974.7095705799076,1825.5280046437017
845,MS,i,23,ADS,26.091899004234595,75.40945109639097,611.206181455123,2394.6799603002382
846,MS,i,23,ADS,26.65050540680481,67.6084733967599,442.4144804703861,1947.0144309207335
847,MS,i,23,ADS,31.82482900313888,37.704725548199036,414.8237354591429,2102.756205976212
848,MS,a,23,ADS,38.17473717991175,71.50896224657544,880.2554879743614,1553.4697679005067
849,MS,i,23,ADS,45.2594022686355,66.3083104468214,472.33319334965404,2232.8353204479727
853,MS,a,23,ADS,53.554291089525485,68.90863634670552,896.940194019828,1767.8926753698006
855,MS,u,23,ADS,59.77018234822648,31.203910798502932,722.8578679860772,1398.517698542451
856,MS,a,23,ADS,64.48997728899305,70.20879929663693,775.3498164261838,1578.0786319006656
857,MS,u,23,ADS,75.86879108016339,58.50733274719744,595.93010152308,1861.484301300487
859,MS,i,23,ADS,82.42794692798373,100.11254714520135,626.4654001224927,2794.6098163838396
860,MS,a,23,ADS,95.95060930105502,84.51059174595343,803.6779268846743,1754.6332369728284
861,MS,a,23,ADS,103.48600269072467,76.70961404632237,811.2146993580623,1486.6679542946044
862,MS,i,23,ADS,107.4949150359935,76.70961404633658,870.5587969898831,2239.040829380335
863,MS,a,23,ADS,115.83653887663978,92.3115694455845,879.3054998888514,1502.9970035284496
864,MS,a,23,ADS,127.633105511653,57.207169797280244,1067.128223639636,1878.2409210372884
865,MS,u,23,ADS,131.89530008759766,37.70472554819548,653.0445880824491,1300.1083428198572
866,MS,a,23,ADS,160.415011200987,39.00488849811268,1210.6778851762729,1839.3865435360563
867,MS,i,23,ADS,170.42481653486243,66.3083104468285,496.01112600197627,2002.148479761983
868,MS,a,23,ADS,170.67379773977552,80.61010289614501,752.9541045694713,1712.9872364773992
869,MS,i,23,ADS,184.3934995107698,59.80749569712884,505.0969280008392,2355.0501660826617
870,MS,u,23,ADS,202.30414415747543,39.00488849816952,574.2559830904153,1384.049074235499
871,MS,a,23,ADS,205.2682322975692,65.00814749688288,756.0049958128083,1387.9925348839784
872,MV,u,16,ADS,2.417127098572914,94.70542190125953,515.0632051793121,1658.4291877669025
873,MV,i,16,ADS,2.795948786177952,48.128984900640326,408.9396518359039,2267.7733570526048
874,MV,a,16,ADS,7.6685572525927395,69.86465550092814,484.56129957554765,1842.4026982488813
876,MV,i,16,ADS,29.94362422384253,57.444272300763544,490.5123553100632,2193.441858427002
877,MV,a,16,ADS,30.642160580362013,65.20701180086519,897.81441505521,1375.1625006837783
878,MV,i,16,ADS,31.43858487304223,55.891724400744636,494.16152150579126,2258.6834574557242
879,MV,i,16,ADS,49.25614593416847,55.891724400744636,611.4795857529323,2100.776333407033
880,MV,a,16,ADS,54.939824673701125,79.17994290104957,590.3911240369572,1556.097063267536
881,MV,a,16,ADS,56.83428498173235,66.75955970089831,521.7394202837654,1859.7031287818343
882,MV,a,16,ADS,60.7291282827415,71.41720340094793,797.4023360452032,1638.674068364161
883,MV,a,16,ADS,68.7747976713139,71.41720340094082,929.0386719201135,1726.3020622773108
884,MV,i,16,ADS,70.71656849412744,66.7595597008841,472.4179078509113,2172.832215148606
885,MV,i,16,ADS,71.11945467418279,124.20383200165475,399.2318614433132,2170.8779730535907
886,MV,i,16,ADS,71.32749609278557,65.20701180086519,588.0997545592123,2428.8229117718
887,MV,a,16,ADS,79.61487752137299,82.2850387011016,855.6214140393581,1791.0923377085119
888,MV,a,16,ADS,89.27142799696728,83.8375866011205,773.8047487797639,1451.347801331394
889,MV,a,16,ADS,94.24219640882876,72.96975130095973,563.2679702111786,1748.8967240712102
890,MV,i,16,ADS,94.6618369941922,77.62739500104487,386.6910720967371,2041.5637697243374
891,MV,i,16,ADS,109.1496657999016,58.99682020080377,309.8130762716724,2176.5053939079676
893,MV,i,16,ADS,144.91022068046357,52.786628600699714,462.38008652689274,2134.1383069084836
895,MV,a,16,ADS,153.19851438764402,58.99682020080377,601.4121938626146,1850.1916367454778
897,PV,a,11,ADS,4.9315792696122704,124.1123322005162,532.3687645807146,1436.299190650624
899,PV,a,11,ADS,8.15445600368566,87.26648357848887,710.5978939998494,1623.3595004803658
900,PV,a,11,ADS,9.383402525469451,104.71978029418416,675.0505499663545,1654.5204633440662
901,PV,a,11,ADS,12.320142100688509,75.63095243468965,623.550245036014,1399.847199320419
902,PV,a,11,ADS,14.470982340197525,48.48137976582656,488.8716882854936,1129.8957146161233
903,PV,i,11,ADS,15.232140002521003,85.32722838785212,457.535310264263,2145.8185679489147
905,PV,a,11,ADS,22.56672283191631,50.420634956459764,633.8098149001074,1979.9968977242686
906,PV,i,11,ADS,22.6772603777824,62.05616610025899,428.683615457665,2069.6109052833644
907,PV,i,11,ADS,29.222299683132206,79.5094628159525,519.4619700983217,2439.508010768742
908,PV,i,11,ADS,31.054184925981023,89.2057387691203,376.13360703031475,2362.330682267102
909,PV,u,11,ADS,31.44203596410764,62.056166100251886,370.27369829671744,1257.099740327186
910,PV,a,11,ADS,33.577584287512394,81.44871800659104,888.0003459985361,1362.9652887039651
911,PV,i,11,ADS,34.33992575669006,44.60286938456193,360.49204704744034,1919.9382167835308
912,PV,i,11,ADS,37.01882921316583,91.14499395975173,456.3280536203494,2378.61821859446
914,PV,i,11,ADS,43.450539250886514,83.38797319721891,473.6441273990389,2406.2650445072636
915,PV,u,11,ADS,44.57466897414015,87.26648357848887,398.349033650642,1049.0953927728135
916,PV,a,11,ADS,45.07036285460576,87.26648357848887,580.137227181716,1565.5350958198117
917,PV,a,11,ADS,49.19102992033132,63.99542129089042,724.9090788465961,1677.7777472619944
918,PV,a,11,ADS,51.05255745674223,67.87393167215328,479.0761700860354,1325.496702976514
919,PV,i,11,ADS,53.80075297379023,75.6309524346932,627.839645944551,1912.6182957576605
920,PV,i,11,ADS,62.75454126237828,100.84126991291953,452.0661670768943,2537.9027405537336
921,PV,u,11,ADS,78.97538993175817,60.11691090962756,485.9445642499717,920.5529257524377
922,PV,a,11,ADS,80.47785625703214,71.75244205342324,538.458152336543,1825.5138268144756
923,PV,a,11,ADS,82.94115090427894,98.90201472228455,448.54670177264086,1213.0306497724137
924,PV,a,11,ADS,93.11094921562986,79.50946281596316,519.8169940924215,1394.83493080796
925,PV,a,11,ADS,93.95594335245526,71.75244205340903,803.6862219913376,1291.7624942180414
927,PV,i,11,ADS,106.86888706024384,79.50946281594895,412.67187248386017,2271.23404677661
928,PV,a,11,ADS,107.13404389506996,75.63095243467899,542.2066706551218,1589.664177504534
929,PV,i,11,ADS,107.983801348261,48.48137976580347,380.4185383937196,2295.768664484836
930,PV,i,11,ADS,108.37262201398292,58.17765571900679,566.6075078308471,2088.4503305594712
931,PV,a,11,ADS,115.24298754726746,60.11691090961335,516.1837549343322,1742.4518978191993
932,PV,i,11,ADS,116.50950302659771,63.995421290883314,354.2802108568182,2360.6090136698735
933,PV,i,11,ADS,117.01059324446412,48.13936885648218,349.557442885409,2155.595514085633
934,PV,i,11,ADS,118.90844950307674,62.45107311110587,359.71324951138934,1898.299840583184
935,PV,a,11,ADS,123.69220035199903,92.37554564352024,638.9343430815358,1415.037315381217
936,PV,a,11,ADS,124.42600046105458,102.78405782869982,504.6765583602648,1527.1844020362444
937,PV,i,11,ADS,129.11318357481514,52.042560925912085,428.9479915562644,2156.2459104601667
938,PV,i,11,ADS,130.86635140191595,79.36490541200669,343.80102940610294,2338.4273260025616
939,PV,i,11,ADS,132.37850810694115,65.05320115741142,433.42892390454915,2082.8421018319914
940,PV,i,11,ADS,133.4596011005567,35.12872862498284,442.54028564278946,2269.0794736960684
941,RV,a,11,ADS,5.026034498707595,77.42791474800548,542.9839497080691,1797.41841385379
942,RV,a,11,ADS,6.516447478378004,52.26384245490401,529.4837334698858,1656.3619661918297
943,RV,i,11,ADS,16.41112020322101,104.60600549892618,426.15946989414977,2066.422045092024
944,RV,a,11,ADS,23.060007024193222,51.586523259747,639.7883796998215,1589.7131883185539
945,RV,u,11,ADS,24.39560450220196,44.4217283625612,550.9630862864205,1508.9394378047793
946,RV,i,11,ADS,36.57330000697477,71.64794897187221,641.6827518172455,1887.9228937102025
947,RV,a,11,ADS,46.6398124266832,85.9775387662367,575.6415381181631,1690.129301025086
948,RV,a,11,ADS,49.61375560270882,65.91611305411504,728.6916163719969,1539.3648302127729
949,RV,a,11,ADS,49.935156046517605,81.67866182792949,663.2779410035591,1578.5707180723527
950,RV,a,11,ADS,50.66414672967359,53.01948223918629,654.8295162161396,1537.8515071817296
951,RV,a,11,ADS,51.44563735325246,53.01948223917918,608.6978977439807,1476.3588632039123
952,RV,i,11,ADS,52.13867839545303,98.87416958117257,566.7282443640081,1778.7657817664765
953,RV,a,11,ADS,52.52844323785999,70.21498999242937,705.8407866200623,1424.7352178179497
954,RV,a,11,ADS,54.13185462148607,73.08090795130084,757.4268336199852,1432.1270345995142
955,RV,i,11,ADS,55.19189102392925,54.45244121861492,419.66972624770506,1983.2166605141867
956,RV,a,11,ADS,56.16837441608229,50.15356428031481,417.8269702686158,1544.3590701372518
957,RV,a,11,ADS,62.35932049575355,71.6479489718651,572.7426349094122,1620.7574895819757
958,RV,a,11,ADS,62.710789321062535,57.318359177493505,779.3815140585829,1556.0602838346588
959,RV,a,11,ADS,66.86207459817179,60.18427713635788,560.6664574031595,1707.750112028246
960,RV,a,11,ADS,76.55571039818248,71.64794897187221,620.9523857443436,1835.5635797684474
961,RV,a,11,ADS,76.74701042193738,55.88540019805066,800.4757075201305,1795.9470019870096
962,RV,i,11,ADS,76.95980483038382,85.9775387662296,337.859161555216,2079.377374562401
963,RV,i,11,ADS,80.55370814065874,54.45244121861492,753.3432451591697,1984.1918776910481
964,RV,i,11,ADS,90.59620661892762,63.05019509525778,556.0081359342539,1929.4166920368943
965,RV,i,11,ADS,94.84180741777178,80.24570284848664,477.89660162378675,2038.620275366676
966,RV,a,11,ADS,95.27384455007214,50.153564280293494,979.7484558609532,2023.5216809180524
967,RV,i,11,ADS,100.7706239136076,128.96630814937282,668.6469245578892,2336.8297908243294
968,RV,i,11,ADS,104.7288060897037,77.37978488962938,420.23291536945476,2006.6513917022507
969,RV,a,11,ADS,112.41425867056384,90.27641570456524,854.884416652603,1699.6556975737867
970,RV,i,11,ADS,114.98423308085763,70.21498999245068,522.5345427459856,1875.2035579930912
971,RV,a,11,ADS,119.842187829571,50.153564280321916,799.5215565484405,1543.494234680097
973,RV,a,11,ADS,129.40883357929616,83.11162080735812,784.0452439575055,1607.969347933888
974,RV,a,11,ADS,134.28954249107505,137.56406202597304,477.8572711443749,1916.5198399386916
975,RV,i,11,ADS,140.11251696010584,136.13110304655152,394.7848077496809,1815.1969866239706
976,RV,i,11,ADS,144.84489086044488,64.4831540746793,465.62238831854336,2059.836852315929
977,SAF,i,19,ADS,0.5321868143659392,62.92366549023454,408.28576882585236,2194.300882542519
978,SAF,a,19,ADS,1.97285336227966,50.68850831157712,719.8456786293477,1729.026907601832
979,SAF,i,19,ADS,4.723162092670334,80.40246145974362,471.9403388392178,2197.9428510745665
980,SAF,i,19,ADS,6.318391521297737,54.18426750548022,388.9418261373413,2395.413960484121
981,SAF,u,19,ADS,6.615531052779399,71.66306347498974,510.1969102137353,1698.8447882570913
982,SAF,i,19,ADS,8.40561003453169,73.4109430719414,484.32284014446276,2220.020461342956
984,SAF,u,19,ADS,16.853260816525122,153.8134045316859,497.42469659827543,1731.1659093148696
985,SAF,i,19,ADS,25.139059157954826,50.688508311576896,382.6390345263923,2075.570351182394
986,SAF,a,19,ADS,25.87453298512756,94.3854982353507,903.2316018754176,1678.5700155500617
987,SAF,a,19,ADS,36.36252641004634,92.63761863839903,852.287487722257,1729.0733019006143
988,SAF,a,19,ADS,38.974733814931085,99.62913702620568,802.6765523390072,1634.922891754205
989,SAF,a,19,ADS,39.989916144603725,59.42790629633521,744.8450121301998,1700.982068346043
990,SAF,i,19,ADS,45.95734326862896,52.43638790852856,448.90100135486745,2057.609788872069
991,SAF,i,19,ADS,57.07963466434244,94.38549823535425,423.047042699394,2203.037888052702
992,SAF,i,19,ADS,80.36762622576192,52.43638790852856,393.53606473252313,2406.372348081142
993,SAF,i,19,ADS,85.76348662928993,80.40246145974095,445.0493585355739,2263.339325179228
994,SAF,i,19,ADS,86.65092035512771,68.16730428108997,619.3798910573234,2281.780244864888
995,SAF,i,19,ADS,120.96572717593122,61.824910875657224,572.8002689805477,2350.2188343211787
996,SAF,a,19,ADS,127.39211187838669,79.29716829707445,725.3682136846046,1615.3876269722346
997,SAF,i,19,ADS,139.27643523372694,96.76942571843483,627.3764147224207,2157.071960942223
998,SAF,a,19,ADS,147.19909756146558,49.72873266086708,739.9004699349048,1402.5537181440843
999,SAF,u,19,ADS,149.3695545410253,57.79285147073665,430.0990012417818,1281.724146389737
1000,SAF,i,19,ADS,160.27893267158714,123.64982175134287,421.53853357959065,2417.112127069516
1001,SAF,i,19,ADS,161.6887603671182,65.85697028060622,376.6211939388405,2208.2396004988955
1002,SAF,u,19,ADS,173.51461271986904,212.35512865993655,426.35688742631754,1128.871936802724
1003,SAF,i,19,ADS,178.87437961233803,79.29716829707445,401.64404081012884,2261.444435715242
1004,SAF,u,19,ADS,179.02377754896787,57.79285147073665,429.44042976036366,1131.343951201171
1005,SAF,i,19,ADS,182.23985432540127,79.29716829704603,501.812982744052,2194.379540080697
1006,SAF,a,19,ADS,182.9529887863369,99.45746532173416,426.8729102516739,1836.3062753343402
1007,SAF,i,19,ADS,198.86333269600647,45.69667325594651,606.1944456843521,2129.17203584194
1008,SA,a,15,ADS,13.6337037191591,47.94862060735028,540.0809811143879,1938.6702080533958
1009,SA,a,15,ADS,16.430813450990268,50.47223221826158,787.9179585821711,2194.8483299187824
1010,SA,a,15,ADS,19.139051294888056,108.38674510491231,1072.9522386351287,1665.5758000393992
1011,SA,i,15,ADS,19.52383778847013,138.79863860023178,298.22451096102384,2405.3780661607757
1012,SA,a,15,ADS,23.925947288045634,40.377785774609265,611.8100804686998,1834.519072641021
1013,SA,u,15,ADS,24.449528834728213,58.04306705099904,529.1243925744018,1369.2957938980226
1014,SA,a,15,ADS,25.34217579248493,78.23195993831078,724.431993652105,1770.5589466982428
1016,SA,a,15,ADS,37.75687801772052,58.043067051002595,735.4065151686701,1567.1447810612508
1017,SA,a,15,ADS,38.6415179659384,61.82848446736955,542.921143990106,1721.4677602485333
1018,SA,a,15,ADS,40.92615259957949,55.51945544009129,587.674468416854,1746.1599113724906
1019,SA,i,15,ADS,41.34002490376925,111.03891088017548,501.7244586209347,2569.7060575012065
1020,SA,i,15,ADS,43.62423171995158,133.75141537839852,553.5517866127227,2283.5031117072313
1021,SA,u,15,ADS,51.29673384975009,74.44654252194027,748.4875311696583,1637.9881724432912
1022,SA,i,15,ADS,56.359212317532766,73.18473671648462,412.5427343292905,2207.114085382635
1023,SA,i,15,ADS,58.65008811761923,59.304872856458246,492.79469510728467,2008.0497608372793
1024,SA,u,15,ADS,61.99076077380182,37.85417416370507,491.20356625432777,1509.6363239964223
1025,SA,a,15,ADS,62.106216005001095,41.639591580064916,563.9327349814873,1674.4638723772503
1026,SA,i,15,ADS,70.19053250360099,60.5666786619139,386.3237142840169,2316.1928886678634
1027,SA,i,15,ADS,89.15724494614167,71.92293091101476,454.807696673994,2175.888454399954
1028,SA,a,15,ADS,96.90991403312478,74.44654252194027,625.8149370402691,1712.4612108218912
1029,SA,a,15,ADS,97.52315165457668,172.86739534756634,665.5015308101684,1903.6049589829959
1030,SA,i,15,ADS,103.4168931276018,69.39931930010346,696.811913213376,2369.429175043063
1031,SC,a,19,ADS,2.0362755781807405,57.62508705524594,759.7765043049014,1939.1725641897274
1032,SC,a,19,ADS,4.650566753527669,46.95377463760764,945.3702618552649,1911.5126614210872
1033,SC,i,19,ADS,12.338363869782942,38.41672470349877,559.0141102362076,2307.155202864982
1034,SC,i,19,ADS,28.71296792919985,99.24320548403287,416.6702845149583,2400.603307882397
1035,SC,i,19,ADS,35.75033342879627,62.96074326406398,385.7956588684801,2281.704739268437
1036,SC,i,19,ADS,38.12324125045083,83.23623685758008,365.2560122815222,2162.2242562616098
1037,SC,a,19,ADS,42.04249112931974,59.26371728920543,576.1037444201871,1852.2080480943807
1038,SC,i,19,ADS,45.39718273926061,64.30743790956228,389.8050606703313,2060.4052640297527
1040,SC,i,19,ADS,46.68057256479625,94.56976163171049,333.71029637479063,2243.532587719696
1041,SC,a,19,ADS,49.66713613431179,85.74325054608067,857.4193567495794,1436.2489744350505
1042,SC,a,19,ADS,51.01113100454792,69.35115852992624,1094.0814111213306,1951.6218871632964
1043,SC,u,19,ADS,55.87159310491313,54.21999666884858,547.4323983717546,1061.3153703708444
1044,SC,u,19,ADS,56.43556730565838,56.74185697902345,649.5344654044284,1586.9840198881088
1045,SC,i,19,ADS,64.9266362411322,99.61348225206734,672.252557243336,2465.3495619710793
1046,SC,a,19,ADS,66.64469995520452,117.26650442331277,804.4871642192635,1871.0790528269595
1047,SC,a,19,ADS,78.75259860430955,49.176276048484624,658.9463686126559,1750.0090706936187
1049,SC,i,19,ADS,83.86416343244505,41.6106951179529,273.6327154630679,2215.1450564318075
1050,SC,a,19,ADS,85.43892123403472,64.30743790956228,621.1598139238926,2121.619874817585
1051,SC,a,19,ADS,87.02089760158566,64.30743790956228,587.6249912739253,1824.1585011133723
1052,SC,a,19,ADS,94.77763551623224,47.91534589340074,688.4373185017785,1929.7440640402185
1053,SC,a,19,ADS,96.1970577169772,46.65441573831686,598.8211988054366,1868.391805650781
1054,SC,u,19,ADS,96.70647349963332,117.26650442332698,548.9908071850351,1031.8372682299425
1055,SC,a,19,ADS,99.6876590465314,76.91673946044375,631.211573432649,1766.0600785207503
1057,SC,a,19,ADS,111.85195253764611,41.61069511792448,554.9269713941476,1714.5078431373815
1058,SF,i,14,ADS,6.640316246211555,82.12311284134177,952.1217201064,2320.676488474174
1059,SF,a,14,ADS,8.157979224619893,74.22665968351971,689.2306145663888,1897.5942002589898
1060,SF,i,14,ADS,11.601095279504833,100.12520548761827,540.3364417287221,2232.374420571234
1061,SF,i,14,ADS,14.447171830468704,50.06260274380914,560.470332718819,1925.874129961438
1062,SF,i,14,ADS,16.664642819990753,82.53564236141386,389.78880735168286,2354.26320502747
1063,SF,a,14,ADS,17.292658164644703,51.41564606120852,632.2128315793757,1773.770778983583
1064,SF,a,14,ADS,26.94563681864057,73.06433913961641,679.9168514987742,1690.9049449588515
1065,SF,i,14,ADS,28.326651405066308,142.06954832702579,661.8370153770444,2294.760896188295
1066,SF,i,14,ADS,29.79414662431867,115.00868197902037,721.6899397875815,2236.1190053576775
1067,SF,i,14,ADS,34.27421230911544,87.9478156310114,921.0947987202505,2193.4532405424643
1068,SF,i,14,ADS,34.506935759708284,85.24172899621618,585.3927136798933,2156.736662778947
1069,SF,a,14,ADS,57.20617821939516,83.88868567881502,943.5356670002186,1774.8191714137993
1070,SF,a,14,ADS,59.34900074646373,69.00520918741648,605.8317681744107,1953.7045269603022
1071,SF,a,14,ADS,65.63000052338111,60.886949283016634,540.7089776644209,1688.8674879353782
1073,SF,i,14,ADS,121.02495057232356,48.709559426399096,640.6428289888396,2266.5756428158656
1076,SF,a,14,ADS,140.9279340864877,94.7130322180385,994.9809076604836,1872.9983638423455
1077,SF,a,14,ADS,143.07677292092217,67.65216587001532,750.3447604640301,1712.3761699494596
1078,SF,i,14,ADS,145.86206274478212,69.00520918739517,453.0864112875673,2144.0668330822227
1080,SF,a,14,ADS,150.39950471377352,110.949552026824,989.8709274211533,1574.38789587252
1081,SF,a,14,ADS,154.6816947720547,69.00520918742359,692.5475626322406,1866.292961493274
1084,SF,i,14,ADS,166.56871223755738,46.003472791568356,426.1948569907379,2166.0917751164147
1085,SF,a,14,ADS,167.27229756362806,66.29912255263548,578.2316065240965,1764.9917644924203
1086,SF,i,14,ADS,175.26569340024793,60.88694928300242,712.0593511802398,2143.015782018149
1087,SF,i,14,ADS,184.6453712214376,46.00347279159678,381.17202406916726,2121.3954654391237
1089,SS,i,14,ADS,3.692229823055123,31.335443163642562,585.5122962404411,2144.947015677579
1090,SS,a,14,ADS,4.851819554290319,82.25553830456178,758.17081093365,1758.1231802885122
1091,SS,a,14,ADS,6.403391801118545,41.78059088485675,824.6987697232362,2027.6568490286795
1092,SS,i,14,ADS,8.108847501295429,39.169303954553314,501.9407784159541,2034.9395334085898
1093,SS,i,14,ADS,8.546313537152272,91.3950425606238,349.77991058178463,2248.42860029002
1094,SS,a,14,ADS,14.309370629488797,61.365242862134295,744.9335493746917,1707.759653145118
1095,SS,a,14,ADS,14.611841092687932,62.67088632728601,839.8549680481452,1957.111242329039
1096,SS,i,14,ADS,22.837778045051337,231.09889333186473,454.1801566541945,2341.1597447765485
1097,SS,i,14,ADS,29.6241949861723,60.05959939698258,628.3775385483491,2015.140821905961
1098,SS,a,14,ADS,32.95475454518236,90.08939909547564,1302.9858296825976,1636.7459989592016
1099,SS,a,14,ADS,34.28242803913781,73.11603404851041,765.1024749829705,1938.9414586153173
1100,SS,a,14,ADS,35.050673116470634,61.36524286213074,490.11690552266185,1586.4828498895363
1102,SS,a,14,ADS,41.68319003880754,66.58781672274472,669.5950621191903,1893.7260445584243
1103,SS,a,14,ADS,54.44030947413666,78.33860790910308,865.3462653207464,1861.7035244008173
1104,SS,i,14,ADS,54.783040883739005,45.69752128031723,501.0324083904281,1945.1052987487124
1105,SS,i,14,ADS,69.04814699584128,50.920095140924104,371.8331473775627,2224.782994518514
1106,SS,a,14,ADS,73.66563219077496,71.81039058335159,1083.5901112358945,1555.4283695931308
1107,SS,i,14,ADS,74.40508177820227,138.3982073060963,468.03910340450545,2169.233642641469
1108,SS,a,14,ADS,92.55684870632015,101.84019028184821,772.7265672266219,1800.1831830512688
1109,SS,a,14,ADS,103.21752699189652,133.17563344547523,869.220775468005,1431.0918654348818
1110,SS,i,14,ADS,111.993931190807,67.89346018788933,361.5421412159422,2059.3148774266756
1111,SS,i,14,ADS,122.95896707110808,122.7304857242899,650.7924701974106,2264.116306642362
1112,SS,i,14,ADS,123.54650663042638,41.78059088485497,593.3556052107045,2236.1560834362162
1113,SS,i,14,ADS,130.15982709462435,50.920095140924104,588.1059860905366,2079.8944081730106
1114,SS,u,14,ADS,150.15888623170923,66.58781672274472,519.6945105302052,1375.8801886748934
1115,TL,i,11,ADS,1.458164704546193,55.137932605017205,597.852081116044,2212.788766357516
1116,TL,a,11,ADS,1.5493543623160289,53.017242889439544,693.6902940462292,1741.1196936176698
1117,TL,a,11,ADS,8.015145574406805,44.534484027130006,1005.4494746996761,1822.9450676638908
1118,TL,u,11,ADS,17.250670368949784,54.077587747226374,474.46411095208657,935.7628507054332
1120,TL,u,11,ADS,36.83934308971472,50.89655317386388,458.8030883368958,1471.7398715767918
1121,TL,a,11,ADS,37.15797671948025,94.37069234320461,1077.7528658411288,1628.670648888517
1122,TL,i,11,ADS,39.95888088483775,55.13793260502098,537.0291634041129,2066.5406784836846
1123,TL,i,11,ADS,42.04748856619085,54.07758774722282,476.5281633507938,2188.23478342575
1124,TL,a,11,ADS,43.051967141223614,63.62069146732807,1196.9934120747414,1807.4322712971148
1125,TL,a,11,ADS,50.06678273229605,65.74138118291017,797.2554576082132,1804.8316030403244
1127,TL,i,11,ADS,56.11843711815874,49.83620831607283,512.4488351376583,2000.2042984615978
1128,TL,i,11,ADS,58.17377910498329,45.59482888491573,596.9481604990605,2219.73492819447
1129,TL,a,11,ADS,66.69865501551601,73.16379518742622,828.6205752037549,1383.6364284146698
1130,TL,u,11,ADS,72.42943041494394,67.86207089848517,458.18819666752796,1445.6965642764674
1131,TL,i,11,ADS,97.76060730348355,157.9664493707469,488.10623483285383,2555.892879583063
1132,TL,u,11,ADS,100.78739222083384,60.41128407132135,513.0134010985917,1178.5348470034633
1135,TL,i,11,ADS,153.49861328397236,89.06896805424935,702.8973869561619,2636.752383558465
1136,TL,i,11,ADS,156.49357105984348,86.94827833866725,425.71473919392537,2582.4328678432507
1137,TL,i,11,ADS,164.14338727583845,80.04000704244163,427.4182181778912,2398.9044468498005
1138,TL,a,11,ADS,164.25725796019057,39.43442945143261,889.9282141615466,1846.937060724295
1140,TM,i,24,ADS,4.514756974404593,62.61943868667519,479.9785312429026,2174.4840084293864
1141,TM,u,24,ADS,5.018782064225772,54.02461376889711,572.2624842248083,1078.3105945521288
1142,TM,i,24,ADS,7.124503191357565,96.99873835779104,525.3844015135271,2340.660043157527
1145,TM,i,24,ADS,64.72404172889316,44.201956720016256,537.7772611193902,2015.0843906322457
1146,TM,u,24,ADS,64.88857123446206,46.657620982230696,584.421083801696,1843.3629760827853
1147,TM,i,24,ADS,66.13931558020474,39.29062819555895,413.3546490991891,1973.083476856222
1148,TM,i,24,ADS,76.2946721861519,52.79678163779522,396.5820957129584,2305.3003360020907
1149,TM,i,24,ADS,80.96604172248155,45.429788851109265,394.7192198649158,2263.645593026853
1150,TM,a,24,ADS,81.68655798694613,93.31524196444718,639.0831634790717,1364.6795551445991
1151,TM,a,24,ADS,82.70074828766595,67.53076721111029,649.9285810996389,2016.065931501304
1152,TM,i,24,ADS,89.66836218980147,62.619438686681406,324.1593917509751,2096.1863728889407
1153,TM,i,24,ADS,140.1320857613855,66.30293508001728,453.4309748079961,2509.137552716742
1154,TM,i,24,ADS,141.23952681123035,54.02461376894507,524.0343679480642,2262.9858234980416
1155,TM,i,24,ADS,152.68496998538748,69.98643147335315,449.71120336985064,2014.8109797167815
1156,TM,i,24,ADS,179.3339667185403,82.26475278445378,421.78385544110233,2029.7012538873714
1157,TM,a,24,ADS,220.63917859182567,62.619438686681406,854.9353771722882,1575.883310906414
1158,TM,i,24,ADS,255.28974284988576,114.1883881933552,540.2587866807951,2084.0129420328767
1159,TM,i,24,ADS,264.40628705922967,40.51846032666617,448.05404530532735,2169.979583007725
1162,TM,i,24,ADS,308.0120923050512,73.6699278666606,531.8102321196186,2252.1349565161563
1164,TM,i,24,ADS,336.2507676068267,47.88545311333792,480.16730760329415,1955.0093631032596
